no2;ozone;temperature;humidity;estimates
0.0;73;5.78;94.54;1
0.01;21;-8.55;17.75;0
0.01;8;-9.46;61.97;0
0.01;5;29.2;95.45;0
0.01;46;15.66;22.63;1
0.01;63;33.5;15.4;1
0.02;19;21.59;13.0;1
0.04;91;37.2;22.92;2
0.01;12;-3.25;13.32;0
0.01;21;35.83;10.4;0
0.02;12;21.97;43.01;1
0.02;33;16.57;14.2;1
0.0;13;2.16;83.01;0
0.0;82;31.33;58.53;2
0.01;50;19.81;43.4;0
0.01;7;18.69;29.64;0
0.05;83;26.2;17.23;2
0.01;60;19.63;56.4;1
0.04;25;35.31;81.12;1
0.01;17;-0.06;26.68;0
0.03;6;23.87;41.24;1
0.01;24;-3.47;74.3;0
0.0;27;13.3;62.48;0
0.02;28;13.1;64.67;1
0.01;43;-1.5;66.29;0
0.01;73;19.04;53.98;1
0.02;78;35.41;84.13;1
0.01;31;18.6;99.74;0
0.0;18;-0.73;26.38;0
0.01;30;12.35;10.57;0
0.0;10;-8.84;99.56;0
0.03;42;19.64;85.14;1
0.04;9;27.97;77.93;1
0.04;46;21.47;25.39;1
0.09;41;23.33;61.03;0
0.04;47;16.39;53.11;1
0.01;50;35.45;72.2;0
0.04;98;21.31;58.62;2
0.01;23;7.15;62.44;0
0.04;40;-0.84;15.57;1
0.02;94;35.94;40.32;2
0.03;13;18.04;20.94;1
0.04;91;-1.59;53.3;2
0.01;10;-1.36;15.91;0
0.01;6;29.35;58.61;0
0.05;88;-8.62;81.15;2
0.04;87;16.12;40.58;2
0.05;100;32.63;54.13;2
0.02;95;-5.66;55.79;2
0.01;45;25.4;21.48;0
0.01;8;4.98;85.4;0
0.01;34;17.32;38.03;0
0.02;98;24.15;18.76;2
0.03;43;10.69;77.93;1
0.01;100;25.94;75.75;2
0.02;29;20.72;75.31;1
0.01;76;-6.43;74.18;1
0.01;23;2.36;94.86;0
0.02;42;38.92;70.6;1
0.01;7;35.0;90.45;1
0.02;25;34.68;50.15;1
0.01;31;38.11;49.61;0
0.01;24;-4.01;79.11;0
0.05;101;20.27;58.24;2
0.03;70;35.72;48.31;1
0.01;12;34.89;42.69;0
0.03;43;28.08;27.35;1
0.01;85;4.93;80.52;2
0.16;53;28.56;71.57;1
0.01;34;18.11;37.03;0
0.05;100;6.5;45.88;2
0.02;92;16.87;32.57;2
0.01;40;-5.81;34.09;0
0.01;22;-5.58;47.83;0
0.01;92;29.5;46.87;2
0.05;23;24.86;45.46;1
0.03;74;30.13;22.53;1
0.01;25;39.76;29.41;0
0.01;21;-5.47;37.52;0
0.02;73;16.67;16.68;1
0.03;19;20.18;65.93;0
0.04;53;2.47;97.97;1
0.02;86;5.03;26.27;2
0.04;93;32.33;78.07;2
0.05;23;20.56;37.34;1
0.01;7;23.69;89.79;0
0.01;26;7.64;43.78;0
0.02;94;14.16;96.39;2
0.01;15;1.86;97.76;0
0.02;96;2.92;70.19;2
0.01;24;34.91;94.66;0
0.01;22;-7.24;52.27;0
0.1;11;23.47;61.64;0
0.04;90;0.36;76.35;2
0.01;13;23.09;95.87;0
0.04;76;38.83;31.6;1
0.01;47;10.22;77.25;0
0.0;79;15.21;33.15;1
0.01;24;23.34;34.42;0
0.01;28;36.07;71.69;0
0.04;86;19.73;92.27;2
0.05;37;27.0;17.12;1
0.01;15;18.88;23.53;0
0.04;41;-7.93;91.34;1
0.0;41;29.58;69.71;0
0.03;95;16.31;66.88;2
0.02;95;24.46;68.4;2
0.05;58;5.12;92.0;1
0.04;18;-6.0;69.46;1
0.01;95;7.81;27.84;2
0.01;9;6.77;61.53;0
0.01;44;6.77;73.28;0
0.02;31;21.74;17.65;1
0.03;82;19.27;63.07;2
0.05;15;36.31;89.78;1
0.05;19;2.56;16.77;1
0.04;32;0.17;18.34;1
0.03;92;5.19;68.97;2
0.01;80;8.68;11.16;1
0.05;97;7.3;37.85;2
0.01;10;8.88;96.55;0
0.04;101;39.75;69.94;2
0.02;96;19.34;67.02;2
0.01;17;27.64;87.92;0
0.01;30;9.97;27.44;0
0.04;60;4.68;77.35;1
0.01;31;37.28;11.18;0
0.05;59;28.87;88.15;1
0.03;87;36.85;39.71;2
0.04;94;15.05;53.17;2
0.03;89;29.91;55.44;2
0.03;58;15.11;91.28;1
0.01;26;29.78;46.37;0
0.02;6;5.79;22.78;1
0.01;31;20.55;79.25;0
0.0;38;1.07;93.75;0
0.03;59;24.86;85.84;1
0.0;28;12.91;55.18;0
0.01;23;-8.59;65.26;1
0.0;82;37.91;18.11;2
0.04;53;3.96;33.54;1
0.01;98;5.32;42.51;2
0.05;98;-7.0;19.96;2
0.01;48;6.89;30.78;0
0.02;57;-9.34;52.65;1
0.01;90;27.31;38.21;2
0.01;27;25.31;25.45;0
0.06;43;19.32;63.42;0
0.01;26;34.88;94.14;0
0.01;32;31.87;96.11;0
0.01;7;-8.78;44.95;1
0.01;22;6.99;18.23;0
0.01;8;20.05;20.86;0
0.25;110;31.49;84.02;2
0.01;48;-2.96;45.88;0
0.0;19;10.84;64.33;0
0.0;15;37.0;72.43;0
0.0;32;39.48;50.21;0
0.01;29;24.43;30.52;0
0.01;47;-4.85;40.4;0
0.03;34;-6.44;49.72;1
0.03;97;28.49;54.86;2
0.0;15;14.02;41.66;0
0.0;26;-5.56;18.14;0
0.01;77;-8.59;44.19;1
0.05;73;20.04;25.07;1
0.03;37;17.43;48.86;1
0.01;50;28.87;19.07;0
0.03;10;10.55;26.46;1
0.01;25;9.37;59.19;0
0.05;58;5.96;84.47;1
0.0;63;13.49;52.55;1
0.05;99;-3.68;43.75;2
0.01;41;36.69;65.19;0
0.03;31;34.58;61.8;1
0.04;11;33.91;63.69;1
0.01;11;0.71;94.29;0
0.01;21;39.68;98.98;0
0.05;34;33.09;40.57;1
0.08;25;23.52;61.75;0
0.01;68;28.88;17.57;1
0.01;41;8.73;40.05;0
0.01;42;6.12;94.9;0
0.04;45;18.99;23.27;1
0.02;93;11.45;57.5;2
0.01;36;20.69;72.99;0
0.01;33;-1.39;27.47;0
0.05;54;7.18;80.38;1
0.08;37;19.98;64.33;0
0.03;17;12.47;24.01;1
0.03;43;2.0;82.54;1
0.03;15;0.26;81.13;1
0.02;92;21.82;27.25;2
0.04;84;20.73;76.51;2
0.03;62;-1.51;20.2;1
0.02;63;15.0;44.91;1
0.02;93;30.45;26.01;2
0.01;25;11.94;82.28;0
0.05;89;20.07;84.1;2
0.01;25;-4.52;82.35;0
0.05;97;18.14;10.58;2
0.03;89;-1.88;72.41;2
0.03;88;2.21;85.59;2
0.01;72;20.45;55.44;1
0.0;31;19.14;70.37;0
0.03;85;34.56;45.86;2
0.0;21;23.29;42.97;0
0.04;82;12.17;24.38;2
0.0;93;24.88;31.7;2
0.01;20;3.09;88.85;0
0.0;42;2.92;52.1;0
0.3;104;34.37;83.8;2
0.01;17;-8.08;90.13;0
0.01;32;14.12;78.1;0
0.02;93;30.15;86.84;2
0.02;94;22.96;27.26;2
0.01;33;18.91;77.83;0
0.03;67;27.92;33.3;1
0.01;38;9.66;26.03;0
0.03;80;6.53;83.12;1
0.05;93;22.29;63.67;2
0.02;13;2.11;94.88;1
0.04;38;5.07;91.67;1
0.0;47;11.25;39.04;0
0.03;95;12.4;93.94;2
0.01;81;9.62;11.73;1
0.03;92;16.89;23.51;2
0.02;101;8.74;93.76;2
0.01;35;11.68;73.63;0
0.04;87;24.12;83.74;2
0.0;24;22.26;32.92;0
0.04;38;23.25;65.87;0
0.01;42;-6.05;83.66;0
0.02;88;21.79;34.47;2
0.01;40;17.05;62.38;0
0.04;38;20.71;60.89;0
0.03;20;26.44;24.03;1
0.05;100;13.76;83.12;2
0.08;41;23.33;61.29;0
0.05;85;38.7;72.87;2
0.01;45;38.56;14.51;0
0.04;61;-3.98;28.94;1
0.02;72;30.71;43.87;1
0.02;96;18.93;83.22;2
0.01;99;0.62;17.99;2
0.05;91;5.47;78.29;2
0.04;44;-4.07;78.21;1
0.19;108;31.4;80.76;2
0.01;50;36.35;14.98;0
0.05;98;5.45;43.7;2
0.01;9;5.56;79.53;0
0.01;31;14.53;92.52;0
0.0;97;22.48;24.48;2
0.01;22;6.83;87.01;0
0.03;13;-0.06;61.57;1
0.01;30;3.52;94.23;0
0.01;51;24.6;74.61;0
0.0;38;36.22;44.77;0
0.0;19;24.81;99.96;0
0.05;90;4.87;67.38;2
0.02;33;21.7;38.48;1
0.02;94;27.92;92.99;2
0.05;67;36.32;39.29;1
0.02;83;22.88;96.68;2
0.04;57;17.82;24.67;1
0.0;46;5.51;28.97;0
0.01;36;-6.58;60.84;0
0.04;37;27.78;62.8;1
0.01;84;8.84;12.12;2
0.03;52;26.15;72.11;1
0.03;77;-1.4;26.85;1
0.03;34;-2.03;45.42;1
0.05;58;-4.61;56.87;1
0.04;55;4.76;23.72;1
0.01;63;20.13;71.82;1
0.01;27;12.99;43.42;0
0.07;13;21.33;61.73;0
0.04;99;27.23;76.28;2
0.01;46;13.47;38.16;0
0.05;54;18.09;20.66;1
0.0;25;36.93;77.89;0
0.05;80;-3.62;43.76;1
0.04;25;2.05;52.92;1
0.01;8;21.45;18.98;0
0.04;93;24.4;80.17;2
0.0;10;-6.81;30.09;0
0.04;95;4.28;15.85;2
0.05;88;-0.73;11.55;2
0.03;26;20.79;21.0;1
0.03;30;22.77;59.95;1
0.04;84;7.21;77.43;2
0.04;57;-4.42;32.34;1
0.03;26;23.51;62.74;1
0.05;91;34.44;12.94;2
0.03;94;10.25;21.63;2
0.04;84;0.6;92.47;2
0.01;48;29.56;45.51;0
0.05;97;17.65;82.45;2
0.01;20;23.15;99.97;0
0.05;99;14.91;53.19;2
0.0;82;32.18;58.23;2
0.03;62;14.85;26.04;1
0.0;28;38.07;11.35;0
0.04;45;31.86;49.49;1
0.01;36;39.44;43.1;0
0.0;16;30.29;71.83;0
0.04;63;31.2;31.32;1
0.01;32;23.64;33.09;0
0.05;11;3.71;29.6;1
0.01;48;34.38;55.44;0
0.22;108;34.04;84.91;2
0.01;82;39.48;14.56;2
0.01;9;31.9;20.86;0
0.0;51;15.11;18.39;0
0.04;29;33.71;67.48;1
0.05;59;1.85;23.59;1
0.03;85;-3.27;49.39;2
0.01;28;-0.6;69.86;0
0.02;42;10.11;29.83;1
0.01;99;34.74;73.27;2
0.05;27;22.2;62.55;0
0.01;30;0.87;34.21;0
0.01;40;5.12;36.81;0
0.04;98;21.67;67.25;2
0.0;74;26.49;49.06;1
0.02;64;12.86;95.52;1
0.01;65;24.29;13.53;1
0.05;37;1.13;70.29;1
0.03;8;37.82;49.39;1
0.01;31;20.71;93.6;0
0.05;45;-4.17;29.45;1
0.02;75;-0.92;56.85;1
0.01;89;13.22;28.94;2
0.01;6;-5.11;47.47;0
0.03;88;17.67;90.82;2
0.01;11;22.05;99.86;0
0.01;27;-5.41;77.34;0
0.04;100;5.24;84.16;2
0.01;16;-7.5;39.74;0
0.0;93;25.11;96.09;2
0.01;88;19.01;82.29;2
0.01;16;31.18;27.39;0
0.01;29;8.99;65.44;0
0.02;89;16.78;61.17;2
0.01;15;36.37;20.59;1
0.0;21;-5.88;55.24;0
0.01;43;21.91;88.0;0
0.03;34;22.56;39.09;1
0.03;69;9.27;35.64;1
0.0;37;34.15;91.58;0
0.01;27;9.68;92.06;0
0.05;12;34.56;35.11;1
0.03;48;28.4;26.5;1
0.01;32;37.17;60.02;0
0.01;30;22.46;21.43;0
0.01;94;29.23;25.24;2
0.02;91;-6.43;31.64;2
0.01;92;-9.97;88.52;2
0.02;58;25.8;57.38;1
0.01;94;0.45;58.81;2
0.02;16;1.56;93.81;1
0.04;56;22.53;71.76;1
0.01;26;30.82;41.77;0
0.01;93;-0.98;99.0;2
0.01;31;29.03;60.68;0
0.05;85;-5.7;45.0;2
0.03;15;12.5;60.06;1
0.01;89;19.13;80.49;2
0.01;51;24.53;82.04;0
0.01;25;7.79;50.49;0
0.02;85;38.12;81.5;2
0.02;94;23.59;73.17;2
0.01;39;-1.81;53.64;0
0.03;98;27.36;31.23;2
0.01;96;31.99;47.2;2
0.02;100;33.43;69.79;2
0.03;99;-3.13;12.35;2
0.05;72;-5.34;79.48;1
0.04;97;31.69;59.66;2
0.01;47;8.25;92.09;0
0.02;97;31.41;80.61;2
0.02;77;11.19;45.58;1
0.02;91;-9.93;95.1;2
0.05;86;25.95;46.39;2
0.02;82;21.02;30.29;2
0.01;11;17.49;73.06;0
0.03;7;15.78;80.48;1
0.01;35;6.39;32.76;0
0.02;98;12.18;28.13;2
0.03;18;11.81;20.72;1
0.04;90;24.87;42.44;2
0.02;100;26.85;71.19;2
0.01;97;25.22;61.65;2
0.04;16;12.51;46.12;1
0.01;14;36.24;50.29;0
0.05;15;29.69;28.29;1
0.02;47;-5.35;97.32;1
0.01;32;24.44;27.12;0
0.01;38;-9.06;80.91;0
0.05;96;22.67;94.9;2
0.04;50;16.83;16.52;1
0.03;99;14.43;59.26;2
0.01;12;38.2;36.16;0
0.02;84;-6.49;72.19;2
0.01;34;34.8;91.62;0
0.01;31;7.41;51.06;0
0.0;50;24.81;34.65;0
0.02;98;27.1;58.12;2
0.01;49;15.39;19.3;0
0.01;22;21.53;50.67;0
0.01;14;25.05;18.84;0
0.01;42;32.3;11.59;0
0.04;101;-3.29;57.76;2
0.02;92;-8.55;88.44;2
0.01;36;32.35;13.67;0
0.01;44;21.81;32.1;0
0.13;69;28.67;75.45;1
0.0;15;23.79;39.48;0
0.01;13;22.76;62.8;0
0.0;37;-2.45;27.27;0
0.01;89;-1.61;66.94;2
0.01;32;0.72;11.7;0
0.06;10;20.41;65.28;0
0.02;99;-7.45;63.17;2
0.01;102;11.83;74.84;2
0.04;86;-1.35;72.86;2
0.01;8;-7.93;39.26;0
0.01;29;7.77;89.54;0
0.0;45;39.2;27.79;0
0.01;51;28.1;26.15;0
0.05;98;26.39;15.03;2
0.04;95;-7.04;22.16;2
0.01;12;0.81;82.06;0
0.01;38;26.16;67.29;0
0.03;83;10.97;73.61;2
0.04;48;21.98;19.57;1
0.01;9;39.75;69.63;0
0.04;80;-4.71;57.95;1
0.04;57;21.82;48.1;1
0.02;97;25.91;68.78;2
0.01;11;29.97;68.17;0
0.01;23;14.0;41.94;0
0.03;20;12.97;86.29;1
0.01;27;23.41;38.16;0
0.01;29;25.53;43.49;0
0.05;28;-5.6;36.38;1
0.06;23;21.55;67.37;0
0.03;28;-6.88;67.61;1
0.03;95;14.26;18.22;2
0.01;17;26.55;77.78;0
0.05;99;38.87;52.68;2
0.01;34;35.68;65.26;0
0.01;17;11.92;86.57;0
0.01;26;-9.19;45.84;0
0.07;33;23.71;60.94;0
0.01;17;-5.63;45.95;0
0.01;96;9.09;69.62;2
0.0;30;26.86;65.7;0
0.01;25;39.73;67.6;0
0.01;98;26.79;91.91;2
0.04;47;17.89;58.39;1
0.01;48;-3.46;45.61;0
0.01;49;35.84;28.22;0
0.01;66;3.17;74.11;1
0.05;32;-0.13;19.51;1
0.02;102;-6.38;65.44;2
0.04;50;22.33;21.27;1
0.01;46;22.26;55.49;0
0.01;22;31.54;30.97;0
0.01;31;37.55;51.78;0
0.04;97;25.9;82.96;2
0.02;87;-2.04;72.52;2
0.04;53;-5.69;65.43;1
0.04;87;22.5;75.67;2
0.01;93;24.4;50.41;2
0.18;105;34.9;81.11;2
0.0;39;1.0;65.9;0
0.2;113;32.92;82.3;2
0.01;25;39.99;55.17;0
0.02;92;-3.94;94.56;2
0.05;30;-0.74;53.7;1
0.01;81;9.61;84.9;1
0.01;43;34.77;99.92;0
0.01;40;31.65;42.44;0
0.03;62;3.44;40.15;1
0.03;98;0.61;44.53;2
0.02;15;5.32;37.51;1
0.01;22;27.06;53.27;0
0.02;25;34.41;38.87;1
0.0;19;35.15;83.55;0
0.04;87;26.62;93.26;2
0.02;81;19.94;41.56;1
0.03;24;-9.6;46.64;1
0.01;25;1.93;35.25;0
0.04;97;31.05;15.13;2
0.03;6;10.44;45.53;1
0.01;101;30.76;19.24;2
0.01;7;21.59;40.89;0
0.03;98;36.0;66.15;2
0.29;116;32.01;84.88;2
0.05;18;35.48;27.1;1
0.01;49;37.88;62.41;0
0.04;25;13.38;83.77;1
0.01;37;-7.16;89.14;0
0.03;9;14.19;62.48;1
0.05;44;11.54;42.47;1
0.02;58;6.61;31.01;1
0.05;70;23.47;83.76;1
0.01;36;34.35;89.12;0
0.01;46;-0.17;41.91;0
0.01;46;37.86;54.45;0
0.0;37;-8.68;72.19;0
0.04;6;17.74;65.94;1
0.05;40;18.31;38.3;1
0.04;50;18.88;11.19;1
0.01;13;-9.54;66.85;0
0.02;85;15.85;98.26;2
0.04;61;9.11;81.97;1
0.0;32;-9.06;95.25;0
0.01;36;33.75;16.68;0
0.03;18;11.34;52.69;1
0.01;48;31.73;70.52;0
0.04;19;31.5;49.9;1
0.0;22;-5.08;82.41;0
0.03;13;-7.25;40.23;1
0.01;40;35.1;35.36;0
0.01;51;4.84;49.71;1
0.03;77;-1.26;19.98;1
0.03;59;26.02;71.13;1
0.01;45;29.68;64.02;0
0.04;102;-8.72;41.2;2
0.05;30;1.77;70.43;1
0.01;69;32.47;29.08;1
0.02;96;37.44;34.47;2
0.04;12;6.88;46.77;1
0.02;62;11.39;86.67;1
0.03;39;-3.64;48.96;1
0.01;14;3.28;46.81;0
0.01;43;37.12;15.92;0
0.04;96;10.17;29.94;2
0.04;36;10.27;53.49;1
0.0;15;-0.62;78.42;0
0.02;93;22.97;45.95;2
0.02;18;16.07;50.22;1
0.01;36;29.98;28.57;0
0.02;39;12.18;26.78;1
0.01;32;18.8;56.5;1
0.01;53;25.82;76.1;1
0.02;99;-4.8;96.84;2
0.2;116;34.23;80.63;2
0.04;95;26.67;18.21;2
0.02;95;7.04;70.83;2
0.01;51;37.9;86.03;0
0.07;35;21.92;61.28;0
0.04;84;-0.09;55.61;2
0.02;8;14.02;67.06;1
0.01;89;9.34;83.53;2
0.04;26;23.13;60.43;1
0.04;96;-8.49;72.53;2
0.04;86;4.98;58.29;2
0.04;92;23.62;92.79;2
0.02;83;25.21;25.23;2
0.03;97;22.75;32.49;2
0.04;88;37.37;21.72;2
0.02;10;-4.92;24.51;1
0.02;53;-9.22;83.88;1
0.01;20;5.69;59.67;0
0.02;87;33.32;47.59;2
0.04;85;27.39;79.07;2
0.02;90;23.68;78.64;2
0.01;80;16.97;16.32;1
0.04;50;38.04;44.91;1
0.04;93;18.76;75.48;2
0.02;98;3.99;31.54;2
0.03;96;12.12;67.09;2
0.05;99;11.54;85.01;2
0.05;94;19.79;95.75;2
0.01;85;36.9;40.06;2
0.05;61;16.31;33.83;1
0.04;26;27.79;85.04;1
0.02;29;36.08;84.3;1
0.04;19;-2.42;61.29;1
0.03;62;17.22;22.79;1
0.01;12;14.8;34.71;0
0.04;101;17.21;88.68;2
0.03;88;-8.51;23.03;2
0.01;29;7.24;28.54;0
0.04;101;-4.56;54.1;2
0.03;85;19.36;72.76;2
0.03;97;37.72;65.39;2
0.03;95;14.06;28.65;2
0.01;17;2.61;13.42;0
0.05;91;4.59;45.54;2
0.01;94;25.61;75.41;2
0.01;41;11.58;93.72;0
0.01;69;11.3;32.21;1
0.01;88;23.65;72.9;2
0.04;91;-6.82;52.29;2
0.01;40;-2.47;10.15;0
0.02;87;8.3;22.96;2
0.02;69;27.06;38.4;1
0.03;28;34.56;39.95;1
0.0;16;-8.71;98.33;0
0.05;34;29.34;49.19;1
0.04;96;20.63;85.96;2
0.03;50;26.58;36.6;1
0.01;30;-1.14;98.31;0
0.01;99;30.93;97.59;2
0.01;49;-3.34;76.07;0
0.02;53;26.24;94.39;1
0.01;30;-1.59;30.5;0
0.0;5;26.9;58.31;0
0.08;22;21.4;60.96;0
0.04;55;32.78;37.04;1
0.02;8;36.9;55.79;1
0.04;95;15.76;86.9;2
0.03;94;-3.62;68.31;2
0.01;13;6.39;25.41;0
0.02;32;-1.91;91.46;1
0.0;39;-2.35;15.21;0
0.01;50;23.8;44.29;0
0.05;10;32.6;70.61;1
0.01;98;16.18;35.86;2
0.05;37;39.22;67.24;1
0.01;12;6.37;84.51;0
0.05;86;25.32;13.59;2
0.01;48;37.89;83.26;1
0.01;98;18.23;58.75;2
0.01;47;20.92;26.16;0
0.04;101;12.29;64.91;2
0.04;84;18.05;51.31;2
0.04;22;17.24;89.98;1
0.01;16;29.87;99.85;0
0.01;98;18.88;91.08;2
0.05;93;22.42;80.13;2
0.03;29;-7.39;89.51;1
0.01;9;10.54;60.62;0
0.0;13;6.82;50.32;0
0.01;27;2.61;68.88;0
0.0;26;8.18;86.19;0
0.01;19;4.07;36.02;0
0.01;37;20.41;41.97;0
0.02;102;-7.2;39.82;2
0.01;83;34.11;32.63;2
0.01;98;-4.42;79.16;2
0.03;63;39.74;91.9;1
0.01;35;30.47;77.9;0
0.01;88;35.17;13.72;2
0.01;49;5.63;49.86;0
0.03;97;28.3;96.27;2
0.05;73;15.76;43.57;1
0.01;28;32.6;57.26;0
0.01;36;3.27;72.66;0
0.05;100;17.59;27.14;2
0.02;49;38.0;95.4;1
0.01;5;31.5;70.68;0
0.05;91;8.75;30.6;2
0.0;47;26.03;69.59;0
0.01;32;12.96;25.58;0
0.01;85;13.84;97.14;2
0.01;89;2.86;35.51;2
0.03;96;30.16;40.06;2
0.0;49;7.4;96.73;0
0.05;74;20.26;37.46;1
0.0;33;39.82;35.93;0
0.0;34;0.6;34.47;0
0.01;82;29.55;24.47;2
0.04;99;32.4;61.13;2
0.01;21;29.2;94.35;0
0.03;86;25.53;29.66;2
0.01;6;3.91;99.44;0
0.05;36;5.19;10.57;1
0.08;24;20.75;60.89;0
0.03;86;-9.39;88.5;2
0.07;14;23.24;63.93;0
0.02;54;28.7;39.46;1
0.01;92;18.12;96.77;2
0.04;12;35.77;39.73;1
0.03;51;30.4;11.0;1
0.01;43;32.19;49.87;0
0.01;65;33.83;99.69;1
0.01;20;26.94;14.97;0
0.07;21;20.31;60.84;0
0.01;20;22.13;18.63;0
0.05;53;32.12;89.92;1
0.05;30;21.75;21.27;1
0.05;82;21.3;76.57;2
0.01;21;28.64;18.26;0
0.0;31;-2.75;14.52;0
0.02;64;30.54;71.13;1
0.0;15;10.19;48.2;0
0.01;30;0.38;30.88;0
0.04;95;-2.33;59.32;2
0.03;93;-7.84;37.27;2
0.0;41;9.6;66.66;0
0.05;100;2.15;11.66;2
0.03;86;-5.7;73.93;2
0.01;13;27.85;37.33;0
0.02;10;29.28;95.28;1
0.04;91;-6.79;76.42;2
0.01;102;23.92;86.47;2
0.03;86;-4.35;83.58;2
0.0;43;-3.86;41.92;0
0.03;83;-8.29;11.89;2
0.02;67;4.35;74.05;1
0.01;14;2.31;51.49;0
0.02;67;39.08;27.47;1
0.0;13;-8.11;77.46;0
0.01;40;36.89;93.42;0
0.01;70;6.25;49.62;1
0.02;76;12.27;84.25;1
0.02;59;9.92;36.27;1
0.02;83;36.26;18.34;2
0.01;20;9.25;94.06;0
0.0;55;-0.94;47.81;1
0.01;84;17.22;24.8;2
0.0;44;2.93;27.61;0
0.01;23;26.54;89.43;0
0.05;36;2.63;76.01;1
0.04;88;32.78;34.24;2
0.0;24;-2.56;67.15;0
0.01;81;34.63;83.26;1
0.0;25;36.4;91.62;0
0.04;14;17.34;24.84;1
0.02;33;21.11;60.31;1
0.04;9;-7.46;74.91;1
0.02;96;-1.97;98.11;2
0.04;42;28.91;22.77;1
0.01;14;23.05;35.92;0
0.04;94;-2.53;57.48;2
0.05;95;32.35;49.35;2
0.05;33;-3.93;42.62;1
0.01;9;8.1;68.76;0
0.01;40;25.73;63.61;0
0.01;35;22.15;94.63;0
0.03;32;14.41;62.45;1
0.0;46;17.7;70.16;0
0.03;34;29.79;76.65;1
0.01;23;-7.45;93.1;0
0.05;52;10.35;74.54;1
0.01;101;5.64;15.74;2
0.04;95;4.14;31.08;2
0.02;99;36.84;12.81;2
0.01;48;26.66;18.38;0
0.01;84;-4.88;11.51;2
0.03;68;39.54;39.0;1
0.01;83;-8.96;30.74;2
0.02;86;2.08;58.13;2
0.04;82;0.89;39.78;2
0.04;43;4.42;60.21;1
0.01;43;7.01;88.94;1
0.01;17;-7.21;12.82;0
0.01;93;-1.18;89.08;2
0.05;18;-0.41;83.07;1
0.01;45;30.62;79.63;0
0.01;41;20.61;65.74;0
0.01;32;21.04;16.55;0
0.03;88;18.17;60.05;2
0.02;84;30.62;21.27;2
0.01;84;16.23;80.53;2
0.03;68;12.86;30.5;1
0.04;87;-7.23;15.97;2
0.0;23;2.3;42.51;0
0.0;25;28.02;88.31;0
0.05;82;5.71;93.83;2
0.01;32;13.23;62.92;0
0.03;97;0.15;23.51;2
0.03;100;11.03;24.42;2
0.05;71;18.71;23.37;1
0.01;29;16.65;49.99;0
0.05;95;27.57;68.56;2
0.04;8;-1.42;64.15;1
0.02;6;22.45;54.48;1
0.0;17;14.57;34.53;0
0.01;98;31.91;92.32;2
0.05;92;38.87;85.16;2
0.01;17;11.08;63.62;0
0.02;36;25.82;73.47;1
0.01;30;6.06;11.75;0
0.04;62;0.9;71.18;1
0.02;9;9.83;15.49;1
0.01;46;-5.88;49.8;0
0.0;45;32.74;47.67;0
0.01;43;38.88;10.91;0
0.0;55;27.41;44.48;1
0.0;10;-7.43;63.32;0
0.03;14;23.23;70.43;1
0.04;94;30.44;88.79;2
0.03;88;1.36;84.21;2
0.02;14;15.99;20.36;1
0.01;60;-3.14;52.13;1
0.01;32;17.07;66.07;0
0.0;100;-2.83;27.77;2
0.02;74;-8.7;14.68;1
0.05;99;27.69;10.62;2
0.01;16;-3.12;65.3;0
0.0;41;6.0;94.56;0
0.02;98;16.06;65.7;2
0.03;38;23.21;98.5;1
0.03;15;22.37;64.59;0
0.01;62;12.55;78.49;1
0.03;21;23.04;83.57;1
0.0;48;20.81;66.17;0
0.01;10;-3.59;18.45;0
0.03;46;6.19;87.54;1
0.05;100;-3.82;54.8;2
0.03;86;33.83;77.45;2
0.01;83;12.11;32.5;2
0.0;34;0.35;48.83;0
0.01;94;-5.42;48.16;2
0.01;33;10.25;73.18;0
0.01;12;-5.7;49.84;0
0.01;90;38.6;53.6;2
0.04;64;-4.46;59.9;1
0.01;41;34.1;13.62;0
0.04;65;31.79;48.35;1
0.01;6;9.6;79.16;0
0.02;73;23.44;18.81;1
0.02;87;-0.88;14.22;2
0.01;34;1.62;94.26;0
0.05;97;1.41;93.75;2
0.04;96;29.56;75.0;2
0.02;28;6.11;75.7;1
0.05;75;16.63;47.01;1
0.02;50;24.2;18.97;1
0.02;101;24.86;62.17;2
0.03;95;9.85;99.58;2
0.02;90;21.74;28.18;2
0.03;45;14.38;80.88;1
0.03;37;11.02;56.35;1
0.01;41;36.6;17.89;0
0.05;86;38.77;72.81;2
0.03;100;22.09;95.38;2
0.04;85;1.2;67.64;2
0.03;84;-1.1;66.86;2
0.04;54;26.45;93.33;1
0.01;8;28.11;49.47;0
0.02;44;29.95;32.01;1
0.04;95;38.18;64.11;2
0.01;19;-7.36;78.99;0
0.01;34;4.44;61.48;0
0.04;88;14.66;61.25;2
0.03;101;12.49;87.55;2
0.03;64;14.23;33.21;1
0.01;84;36.75;11.68;2
0.04;21;10.94;73.46;1
0.02;61;-4.81;96.96;1
0.05;22;0.16;49.22;1
0.03;59;-3.34;25.54;1
0.01;88;26.96;23.35;2
0.05;82;29.43;94.1;2
0.03;64;35.65;42.47;1
0.02;87;4.82;61.83;2
0.05;74;30.37;43.12;1
0.02;88;30.43;64.56;2
0.02;12;5.04;47.3;1
0.05;57;10.31;71.54;1
0.03;12;38.31;91.13;1
0.0;17;-5.4;98.64;0
0.01;46;34.06;30.0;0
0.02;33;16.05;66.33;1
0.02;11;-6.99;61.45;1
0.03;93;-1.17;13.03;2
0.01;90;27.94;32.2;2
0.0;49;31.58;17.56;0
0.04;69;32.1;79.07;1
0.02;5;23.97;33.06;1
0.01;11;35.75;11.0;0
0.07;18;21.71;61.35;0
0.04;90;8.27;70.38;2
0.01;33;5.38;20.35;0
0.04;94;15.7;23.72;2
0.05;55;16.29;32.4;1
0.04;26;-9.18;37.57;1
0.05;67;27.18;23.14;1
0.03;93;9.48;55.3;2
0.01;29;14.64;86.27;0
0.05;95;-2.16;49.31;2
0.04;82;33.88;15.11;2
0.03;27;36.02;72.16;1
0.01;8;14.18;16.21;1
0.01;54;13.16;89.33;1
0.05;93;32.38;19.98;2
0.0;14;37.15;34.59;0
0.01;47;-9.16;79.5;0
0.0;25;11.77;38.84;0
0.04;84;5.68;36.7;2
0.02;46;22.58;81.09;1
0.0;47;17.8;77.82;0
0.03;94;33.0;24.93;2
0.05;91;36.24;18.25;2
0.01;31;14.2;80.39;0
0.0;39;29.55;57.98;0
0.0;93;36.85;22.23;2
0.01;37;28.58;44.52;0
0.01;96;35.47;12.49;2
0.05;85;-9.2;40.12;2
0.04;101;-4.05;34.17;2
0.04;100;38.67;33.21;2
0.05;81;-6.45;41.84;1
0.03;66;-5.35;42.81;1
0.05;5;5.67;54.6;1
0.01;28;-4.42;18.45;0
0.01;54;38.69;33.77;1
0.03;60;2.15;29.78;1
0.01;28;20.55;84.4;0
0.01;27;31.94;70.26;0
0.05;89;11.61;78.35;2
0.01;14;30.73;88.23;0
0.01;36;27.29;54.14;0
0.02;91;3.81;56.05;2
0.01;15;6.45;22.07;0
0.03;91;11.26;73.12;2
0.02;32;3.71;54.51;1
0.01;24;21.29;14.66;0
0.05;90;-7.76;53.54;2
0.05;93;22.22;80.76;2
0.01;86;10.81;32.87;2
0.05;98;2.9;93.21;2
0.04;98;6.14;23.29;2
0.02;80;10.43;66.6;1
0.01;88;31.67;29.39;2
0.01;93;-4.27;89.06;2
0.05;70;21.21;55.74;1
0.01;58;-9.24;28.93;1
0.0;11;5.94;44.05;0
0.02;96;36.37;43.88;2
0.29;109;35.65;85.38;2
0.04;91;38.55;44.55;2
0.01;12;12.88;79.25;0
0.01;5;35.65;46.16;0
0.04;85;21.03;51.16;2
0.01;47;28.63;30.86;0
0.01;98;38.61;77.01;2
0.05;26;24.44;29.21;1
0.01;89;-6.09;98.14;2
0.0;16;21.84;73.98;0
0.02;98;30.38;89.59;2
0.03;22;1.88;68.55;1
0.05;26;13.97;41.78;1
0.0;33;13.8;61.02;0
0.01;9;-0.42;10.35;0
0.02;88;11.3;19.75;2
0.02;28;-1.63;61.29;1
0.03;95;4.41;35.34;2
0.01;51;35.55;46.28;0
0.03;23;19.2;60.99;0
0.29;119;33.47;80.76;2
0.01;98;10.66;32.23;2
0.05;74;24.33;18.6;1
0.0;92;29.63;49.99;2
0.05;96;-5.98;88.98;2
0.03;83;17.74;43.33;2
0.02;101;-3.23;95.12;2
0.02;83;38.41;88.23;2
0.01;28;-9.35;35.62;0
0.04;34;33.97;98.13;1
0.01;9;33.16;33.24;0
0.01;47;-0.56;89.7;0
0.04;48;0.78;36.33;1
0.03;15;13.23;88.91;1
0.02;95;39.34;11.26;2
0.05;87;6.43;18.85;2
0.01;89;6.38;42.37;2
0.05;98;7.01;93.17;2
0.04;73;12.77;29.69;1
0.05;90;24.42;43.4;2
0.03;73;14.54;70.48;1
0.01;73;36.59;29.74;1
0.04;91;6.51;97.19;2
0.04;74;-5.77;92.69;1
0.02;34;-0.71;41.8;1
0.23;119;35.43;81.85;2
0.04;62;32.02;78.29;1
0.03;64;37.03;36.97;1
0.05;91;6.16;74.56;2
0.02;21;4.44;83.92;1
0.24;105;35.53;86.83;2
0.02;15;8.98;18.19;1
0.01;67;19.83;31.91;1
0.01;55;18.61;81.74;1
0.01;33;8.59;84.43;0
0.02;64;30.66;44.56;1
0.01;24;21.54;16.43;0
0.05;87;3.98;21.03;2
0.01;96;16.22;84.57;2
0.01;23;31.25;42.24;0
0.05;18;26.25;29.09;1
0.01;22;32.32;71.55;0
0.04;98;6.2;29.74;2
0.01;40;35.93;29.79;0
0.0;6;21.73;18.89;0
0.02;34;33.68;24.03;1
0.01;32;23.09;93.19;0
0.03;38;19.72;57.93;1
0.01;64;-8.98;59.97;1
0.05;100;0.35;87.23;2
0.03;95;32.18;21.36;2
0.01;40;-7.85;48.81;0
0.01;12;-6.91;16.79;0
0.01;10;37.89;92.52;0
0.01;47;27.87;47.33;1
0.01;98;33.49;50.6;2
0.01;15;29.04;61.15;0
0.0;93;-4.34;64.71;2
0.03;26;37.1;60.68;1
0.03;31;-7.31;37.59;1
0.02;65;18.93;68.85;1
0.02;101;2.51;83.66;2
0.03;39;-1.85;61.79;1
0.02;74;15.58;92.71;1
0.02;56;37.11;57.21;1
0.04;26;1.91;33.83;1
0.04;85;16.33;57.46;2
0.01;5;3.2;92.95;0
0.05;100;-4.73;13.06;2
0.04;84;26.06;74.96;2
0.01;39;-3.55;12.81;0
0.04;98;31.45;39.74;2
0.0;15;23.27;55.75;0
0.01;79;21.36;48.57;1
0.01;17;-2.26;97.38;0
0.01;41;31.7;77.27;0
0.04;18;36.95;94.92;1
0.0;84;-6.33;24.88;2
0.01;49;5.15;81.19;0
0.03;94;10.71;97.11;2
0.03;102;22.76;65.3;2
0.04;96;-5.55;12.07;2
0.01;75;2.27;28.77;1
0.0;40;13.57;53.97;0
0.0;41;18.17;55.3;0
0.02;39;4.04;70.45;1
0.05;26;33.13;58.07;1
0.01;46;25.3;67.57;0
0.01;19;-5.37;11.13;0
0.01;13;16.17;92.55;0
0.02;88;4.46;87.74;2
0.02;94;12.26;28.59;2
0.01;101;35.74;71.72;2
0.03;43;13.25;16.97;1
0.0;44;9.34;29.42;0
0.02;28;-0.37;38.95;1
0.01;10;28.81;48.08;0
0.04;88;-0.5;34.03;2
0.01;12;37.33;47.77;0
0.04;91;15.27;23.97;2
0.04;51;36.61;99.02;1
0.04;17;21.41;70.34;1
0.0;35;33.6;53.64;0
0.04;101;-5.88;61.27;2
0.01;75;10.33;46.78;1
0.02;90;4.11;12.83;2
0.01;72;-4.44;74.21;1
0.03;82;-6.45;24.87;2
0.04;20;7.38;71.92;1
0.01;88;34.22;38.11;2
0.0;86;12.6;97.28;2
0.04;80;-8.11;87.88;1
0.04;85;18.87;35.95;2
0.01;39;8.08;62.09;0
0.01;11;-9.88;82.45;0
0.02;15;24.54;52.16;1
0.05;18;37.07;27.8;1
0.0;35;37.0;39.59;0
0.02;92;19.77;35.36;2
0.05;19;11.47;94.8;1
0.0;36;0.02;74.44;0
0.03;47;-3.78;31.54;1
0.0;42;37.68;12.82;0
0.02;82;-0.47;66.37;2
0.01;13;28.15;73.89;0
0.01;16;1.23;25.01;0
0.03;80;29.38;15.11;1
0.03;82;-2.56;91.31;2
0.03;94;27.21;28.33;2
0.04;20;9.5;94.05;1
0.01;87;9.9;15.41;2
0.05;33;5.47;62.63;1
0.04;30;35.77;39.66;1
0.0;46;11.03;99.29;0
0.01;14;31.93;92.55;0
0.05;69;32.84;13.86;1
0.01;82;0.55;89.18;2
0.01;83;9.08;24.22;2
0.03;44;20.07;61.27;0
0.01;80;14.08;15.12;1
0.05;90;30.08;49.38;2
0.01;97;2.2;74.18;2
0.0;83;26.5;75.77;2
0.01;54;27.76;10.89;1
0.03;91;8.3;49.47;2
0.02;11;9.72;42.27;1
0.04;5;24.54;63.12;1
0.03;16;35.14;18.84;1
0.05;40;14.49;20.3;1
0.01;32;28.67;72.31;0
0.01;48;14.48;38.91;0
0.04;101;6.92;14.56;2
0.01;30;32.09;84.67;0
0.05;64;36.71;22.62;1
0.01;30;0.84;37.71;0
0.01;68;10.81;98.53;1
0.04;79;31.69;65.25;1
0.04;58;26.67;19.62;1
0.02;98;0.56;10.83;2
0.01;42;-5.53;17.59;0
0.01;10;24.54;62.49;0
0.01;82;39.75;71.38;2
0.01;7;35.82;35.7;0
0.03;99;37.74;99.47;2
0.05;88;8.68;84.96;2
0.01;20;30.77;29.96;0
0.03;95;-8.03;77.33;2
0.04;10;26.38;71.69;1
0.03;90;9.28;96.32;2
0.04;99;34.87;30.3;2
0.01;82;-2.11;63.02;2
0.01;8;21.46;45.62;0
0.0;36;14.36;11.7;0
0.05;18;25.82;91.76;1
0.01;8;3.95;80.75;0
0.01;87;39.43;58.47;2
0.0;9;-7.39;73.92;0
0.03;63;21.42;15.32;1
0.01;89;22.89;53.04;2
0.03;71;28.1;98.29;1
0.02;38;29.78;95.55;1
0.02;53;8.45;71.04;1
0.01;12;6.35;42.63;0
0.04;36;-2.43;49.08;1
0.05;86;11.59;18.31;2
0.01;10;23.46;80.0;0
0.03;84;17.85;44.37;2
0.04;82;-4.98;39.87;2
0.02;69;-9.86;63.93;1
0.01;97;18.4;65.62;2
0.01;74;29.06;43.13;1
0.04;50;12.4;87.75;1
0.01;47;19.74;83.94;0
0.02;87;14.66;18.67;2
0.0;16;16.0;42.18;0
0.03;96;29.13;65.9;2
0.08;41;19.64;64.1;0
0.01;35;-7.58;66.41;0
0.01;46;22.67;74.95;0
0.0;23;15.94;79.54;0
0.02;87;-4.53;83.43;2
0.04;86;23.21;12.79;2
0.02;96;29.08;61.1;2
0.01;66;0.43;82.1;1
0.03;13;29.13;99.7;1
0.04;93;16.43;49.35;2
0.03;65;16.03;50.85;1
0.03;100;-4.12;98.88;2
0.04;79;34.66;83.01;1
0.05;97;-9.6;19.06;2
0.05;19;23.52;41.2;1
0.05;7;32.28;73.08;1
0.01;91;16.15;42.42;2
0.02;96;31.78;71.08;2
0.03;98;28.1;36.96;2
0.0;91;35.67;43.8;2
0.05;44;32.35;27.67;1
0.01;29;39.63;22.59;0
0.01;99;17.22;73.77;2
0.03;82;-9.64;25.58;2
0.01;27;25.61;59.49;0
0.03;10;21.75;60.4;1
0.04;64;8.26;42.58;1
0.01;99;1.94;71.39;2
0.02;10;-8.26;72.42;1
0.01;47;23.25;43.07;0
0.03;96;28.2;29.19;2
0.01;34;-4.06;75.33;0
0.03;24;25.14;65.76;1
0.01;84;4.73;64.99;2
0.01;29;14.16;95.53;0
0.02;73;29.42;83.88;1
0.03;99;9.66;66.87;2
0.02;50;36.5;97.84;1
0.04;6;24.18;36.33;1
0.03;6;14.71;96.01;1
0.03;92;30.68;66.82;2
0.01;86;15.14;81.04;2
0.0;54;19.35;20.07;1
0.03;82;-8.42;57.02;2
0.01;34;37.44;99.09;0
0.01;99;20.83;27.25;2
0.01;26;-2.97;60.69;0
0.0;17;17.74;46.54;0
0.01;62;31.92;10.96;1
0.29;110;33.7;86.58;2
0.01;46;15.26;91.33;0
0.05;7;7.44;94.03;1
0.04;89;26.88;96.27;2
0.01;84;13.19;85.83;2
0.01;32;31.23;10.33;1
0.04;9;-0.39;88.3;1
0.04;49;4.75;88.64;1
0.01;38;-6.53;98.83;0
0.0;13;26.92;97.69;0
0.02;49;4.76;71.62;1
0.02;45;36.57;66.43;1
0.03;97;29.06;14.69;2
0.03;101;7.35;77.09;2
0.01;93;7.48;96.95;2
0.01;35;23.35;97.03;0
0.01;11;-3.39;88.24;0
0.03;81;33.5;49.18;1
0.04;100;6.68;59.05;2
0.01;36;-0.64;17.34;0
0.03;63;31.33;61.98;1
0.0;15;34.7;96.08;0
0.05;82;25.35;70.61;2
0.02;42;6.19;73.67;1
0.01;43;36.91;88.48;0
0.04;75;-5.36;73.04;1
0.04;51;23.96;96.01;1
0.02;24;22.27;44.03;1
0.05;70;28.08;75.58;1
0.04;99;38.76;13.43;2
0.01;15;5.14;57.21;0
0.05;97;12.36;52.8;2
0.01;18;-7.34;61.31;0
0.01;14;3.98;43.21;0
0.0;23;31.51;33.29;0
0.05;102;8.34;84.7;2
0.05;84;14.24;58.23;2
0.04;76;27.66;63.6;1
0.04;13;34.67;13.28;1
0.01;29;-7.75;83.01;0
0.02;81;31.56;70.61;1
0.04;61;9.24;88.15;1
0.01;34;-7.39;79.43;0
0.02;97;7.88;38.58;2
0.01;9;24.74;39.91;0
0.0;55;17.17;70.66;1
0.04;37;6.22;19.99;1
0.0;74;-3.24;56.87;1
0.01;5;21.97;85.78;0
0.01;95;13.03;73.84;2
0.02;42;32.14;90.92;1
0.0;12;-9.39;76.67;0
0.03;99;7.0;33.5;2
0.01;31;-4.13;38.76;0
0.02;10;39.45;76.3;1
0.05;13;21.57;62.08;0
0.01;7;30.54;21.02;0
0.02;52;-4.79;77.56;1
0.05;27;2.67;19.65;1
0.01;88;8.17;33.53;2
0.04;82;-0.9;20.06;2
0.05;33;-8.81;34.55;1
0.02;84;11.01;91.61;2
0.02;62;9.8;12.9;1
0.04;49;-6.83;86.32;1
0.03;74;5.86;58.53;1
0.01;59;12.25;31.13;1
0.02;100;-3.93;97.25;2
0.05;42;39.38;35.05;1
0.01;49;12.03;62.69;0
0.03;97;13.88;64.23;2
0.01;28;-4.41;66.28;0
0.02;92;4.1;17.64;2
0.04;100;27.11;85.47;2
0.01;70;-4.04;44.58;1
0.03;43;-3.0;23.58;1
0.05;84;4.71;72.86;2
0.04;71;39.26;41.18;1
0.01;33;9.99;60.61;0
0.01;28;7.58;29.5;0
0.02;71;-2.7;82.55;1
0.0;23;6.46;55.34;0
0.02;47;8.39;19.99;1
0.02;17;23.36;56.32;1
0.01;24;-0.01;92.4;0
0.03;57;26.22;84.62;1
0.05;21;15.24;50.44;1
0.05;46;-4.76;51.22;1
0.02;98;-8.58;40.44;2
0.05;12;37.88;39.04;1
0.04;23;36.46;53.17;1
0.01;10;24.69;33.8;0
0.03;93;32.95;10.73;2
0.01;48;-1.11;61.35;0
0.01;43;6.87;32.55;0
0.0;7;5.69;10.51;0
0.02;85;33.44;74.46;2
0.01;64;-7.8;74.56;1
0.0;36;-8.05;64.83;0
0.03;47;14.28;80.01;1
0.01;21;28.17;36.88;0
0.01;37;39.49;97.32;0
0.01;18;12.98;12.93;0
0.04;36;4.64;60.5;1
0.01;92;1.82;99.5;2
0.0;22;1.95;99.74;0
0.01;37;10.37;99.52;0
0.01;65;15.83;38.19;1
0.04;14;17.4;51.32;1
0.05;6;16.44;67.73;1
0.03;61;2.96;70.23;1
0.01;85;30.88;96.14;2
0.05;93;-6.26;64.91;2
0.01;87;8.99;78.75;2
0.02;52;19.16;85.36;1
0.03;57;16.05;10.7;1
0.01;95;15.39;92.17;2
0.01;8;-4.76;69.95;0
0.0;17;1.9;57.1;0
0.02;63;38.22;17.31;1
0.01;81;14.64;43.06;1
0.01;7;39.55;68.84;0
0.05;99;34.95;94.11;2
0.25;115;33.55;80.6;2
0.02;70;31.62;65.67;1
0.01;60;-7.54;96.88;1
0.03;97;-3.28;20.75;2
0.04;100;15.04;13.62;2
0.0;16;1.86;83.92;0
0.01;31;18.46;91.09;0
0.01;47;25.62;77.37;0
0.03;12;-2.38;32.78;1
0.01;17;38.52;98.19;0
0.03;63;7.74;32.92;1
0.04;76;6.13;18.17;1
0.02;90;-3.59;96.03;2
0.01;39;8.37;48.15;0
0.03;73;2.41;69.51;1
0.02;98;31.99;51.15;2
0.02;5;-2.28;79.11;1
0.04;100;27.46;51.14;2
0.01;45;22.77;42.98;0
0.01;24;19.74;53.06;0
0.04;96;4.15;23.69;2
0.04;88;-3.64;67.7;2
0.03;91;34.47;79.61;2
0.01;70;16.16;63.12;1
0.04;85;34.59;68.57;2
0.03;19;28.37;73.19;1
0.02;51;-0.2;26.89;1
0.01;13;19.42;57.41;0
0.03;86;4.18;51.01;2
0.02;98;20.2;95.66;2
0.05;98;29.68;62.32;2
0.03;44;33.58;20.29;1
0.05;99;32.71;15.21;2
0.04;49;-8.42;76.78;1
0.01;78;36.97;54.79;1
0.01;20;15.74;54.73;0
0.04;76;23.07;10.41;1
0.01;39;-0.57;46.04;0
0.01;9;28.3;34.07;0
0.0;46;-8.63;23.43;0
0.0;22;21.78;31.78;0
0.03;42;17.56;58.31;1
0.04;90;19.35;60.6;2
0.01;40;24.3;98.65;0
0.04;99;21.93;10.13;2
0.01;98;24.72;10.55;2
0.01;52;35.75;93.73;1
0.01;79;28.61;44.31;1
0.1;34;21.47;62.68;0
0.05;99;8.63;73.92;2
0.01;38;37.38;59.92;0
0.04;63;37.31;54.85;1
0.01;91;34.12;69.26;2
0.02;29;7.16;99.36;1
0.0;71;1.64;44.83;1
0.01;8;37.36;19.96;0
0.01;6;39.83;18.09;0
0.02;61;20.98;40.65;1
0.02;53;22.28;97.98;1
0.03;25;9.73;93.66;1
0.01;74;28.21;54.64;1
0.0;18;-5.53;26.2;0
0.01;14;17.32;32.48;0
0.01;101;21.12;11.26;2
0.01;50;36.37;50.39;0
0.04;36;31.56;67.34;1
0.01;98;12.6;43.42;2
0.2;115;33.85;85.96;2
0.01;51;19.91;85.1;0
0.01;68;-8.58;97.54;1
0.04;99;3.15;69.43;2
0.01;37;-9.8;43.72;0
0.01;21;37.81;46.3;0
0.02;15;21.34;24.05;1
0.01;18;-2.8;91.46;0
0.01;33;6.7;52.13;0
0.04;55;19.98;56.87;1
0.0;50;-8.26;20.62;0
0.02;74;6.66;32.24;1
0.04;93;33.56;37.57;2
0.01;22;1.04;50.76;0
0.02;75;11.45;63.97;1
0.0;30;5.37;77.6;0
0.04;98;32.24;80.62;2
0.25;102;35.58;84.49;2
0.02;37;2.99;12.46;1
0.0;25;22.19;35.78;0
0.01;94;-7.07;32.94;2
0.05;97;5.51;66.63;2
0.03;96;30.78;93.93;2
0.04;88;-4.15;66.09;2
0.03;74;2.37;57.44;1
0.02;83;13.06;92.3;2
0.01;25;37.72;33.11;0
0.03;9;36.41;85.09;1
0.0;42;-2.72;15.22;0
0.02;91;29.84;27.95;2
0.02;101;-0.91;94.7;2
0.03;74;39.45;10.65;1
0.02;61;-4.1;35.91;1
0.0;23;23.68;30.31;0
0.04;53;29.18;89.72;1
0.0;99;16.63;79.58;2
0.02;95;12.27;52.37;2
0.03;44;19.98;68.04;0
0.02;93;-8.48;37.62;2
0.0;19;31.78;22.51;0
0.01;32;24.64;44.42;0
0.05;62;29.01;11.91;1
0.01;35;28.48;63.84;0
0.04;16;3.7;87.83;1
0.02;49;-0.05;44.61;1
0.02;100;6.49;79.91;2
0.01;49;32.21;74.88;0
0.02;100;5.23;85.13;2
0.01;29;28.23;70.48;0
0.0;8;20.06;13.21;0
0.02;95;5.23;42.62;2
0.05;94;17.63;34.94;2
0.01;19;16.32;90.15;0
0.03;52;26.11;96.48;1
0.01;21;34.46;69.1;0
0.02;85;29.94;26.51;2
0.02;89;-3.36;51.89;2
0.0;11;8.23;21.94;0
0.0;47;23.86;97.76;0
0.0;16;-2.45;40.91;0
0.01;33;24.24;99.22;0
0.01;93;18.49;32.31;2
0.04;94;3.12;77.46;2
0.01;23;-9.18;86.06;0
0.0;69;30.17;84.41;1
0.04;89;9.78;96.63;2
0.02;27;39.68;78.27;1
0.27;102;35.3;81.42;2
0.01;41;31.78;13.24;0
0.0;36;8.0;21.32;0
0.0;98;2.98;89.56;2
0.03;70;5.46;26.56;1
0.26;103;33.8;84.3;2
0.01;34;13.92;96.12;0
0.09;22;18.84;68.4;0
0.0;11;0.19;91.37;0
0.01;30;-5.49;61.29;0
0.05;98;14.96;41.87;2
0.01;42;-7.43;65.72;0
0.03;85;-5.32;82.08;2
0.01;16;30.29;49.99;0
0.01;94;22.99;37.33;2
0.05;36;1.36;50.95;1
0.05;60;31.95;81.37;1
0.04;97;25.35;73.83;2
0.03;53;10.01;42.62;1
0.03;72;9.87;13.65;1
0.03;37;33.96;52.06;1
0.04;73;-9.5;70.51;1
0.01;21;32.2;17.12;0
0.11;79;28.91;75.16;1
0.04;101;24.7;98.28;2
0.03;47;19.14;44.45;1
0.02;83;16.2;98.94;2
0.05;90;14.23;82.8;2
0.03;83;18.11;77.49;2
0.03;49;14.99;22.78;1
0.03;55;-9.41;72.97;1
0.01;40;8.56;17.71;0
0.05;40;-4.95;50.05;1
0.0;7;10.92;59.82;0
0.01;57;37.07;39.45;1
0.02;26;31.11;92.21;1
0.01;101;29.92;58.77;2
0.06;24;22.29;62.65;0
0.02;40;18.39;38.45;1
0.01;23;-2.0;72.79;0
0.03;13;6.15;31.35;1
0.01;18;-6.59;47.85;0
0.04;79;35.05;47.9;1
0.01;14;27.04;11.97;0
0.01;81;-8.97;59.82;1
0.01;46;11.68;37.28;0
0.01;37;6.05;70.31;0
0.02;86;-2.24;44.07;2
0.01;95;5.33;18.58;2
0.05;47;-8.13;22.35;1
0.04;89;0.93;62.94;2
0.04;89;15.27;68.47;2
0.03;96;15.11;78.32;2
0.01;25;-7.75;35.96;0
0.02;51;31.78;33.61;1
0.04;82;-8.12;66.2;2
0.01;102;20.82;19.91;2
0.04;94;32.95;88.48;2
0.01;91;32.69;66.64;2
0.05;16;31.82;90.57;1
0.05;89;34.79;22.83;2
0.01;23;10.96;98.38;0
0.02;27;29.05;95.17;1
0.03;84;21.26;88.81;2
0.04;92;14.09;47.59;2
0.01;10;12.78;19.05;0
0.04;49;-6.06;46.11;1
0.01;85;27.96;11.6;2
0.01;7;-1.77;81.18;0
0.01;19;38.73;28.64;1
0.01;86;15.64;93.49;2
0.02;57;-9.3;12.54;1
0.01;15;34.86;41.15;0
0.01;19;-6.01;75.57;0
0.02;86;39.15;72.71;2
0.04;19;39.15;24.32;1
0.02;89;5.5;62.89;2
0.01;30;13.42;20.52;0
0.01;92;16.81;46.1;2
0.04;20;-4.52;35.59;1
0.04;71;-3.22;15.07;1
0.05;85;27.45;19.53;2
0.02;91;37.28;63.8;2
0.05;22;22.28;49.15;1
0.05;50;34.46;29.35;1
0.0;98;6.74;22.67;2
0.04;77;23.88;61.23;1
0.01;19;26.21;78.88;0
0.01;16;-8.57;98.65;0
0.0;32;37.99;89.78;0
0.0;41;13.3;22.08;0
0.0;8;9.89;81.43;0
0.0;23;-5.54;60.74;0
0.04;51;39.46;87.23;1
0.04;82;30.43;77.08;2
0.05;90;7.1;92.12;2
0.0;23;12.19;62.03;0
0.03;85;34.23;52.41;2
0.03;90;35.93;55.07;2
0.04;93;36.25;96.86;2
0.04;101;32.62;94.17;2
0.03;31;-1.54;95.22;1
0.02;38;9.58;22.33;1
0.03;65;26.56;31.21;1
0.05;87;23.55;72.52;2
0.0;12;5.12;91.26;0
0.01;25;31.09;67.18;0
0.05;59;21.02;62.98;1
0.01;15;31.54;86.35;0
0.04;11;6.52;90.47;1
0.01;29;7.18;86.87;0
0.0;8;16.28;43.79;0
0.04;44;0.84;73.09;1
0.05;101;39.22;34.99;2
0.05;101;-3.29;72.76;2
0.02;76;19.34;96.76;1
0.01;42;31.6;14.31;0
0.0;31;26.51;19.18;0
0.01;17;8.48;27.14;0
0.01;22;23.08;88.76;0
0.01;5;4.12;30.54;0
0.04;83;-4.37;31.37;2
0.05;84;1.97;12.97;2
0.01;47;11.61;77.09;0
0.01;8;-2.21;92.76;0
0.04;81;21.64;53.5;1
0.01;51;-2.94;97.99;0
0.01;50;28.86;24.86;0
0.05;46;32.53;65.21;1
0.03;57;24.57;13.42;1
0.04;97;14.14;88.94;2
0.01;28;13.86;19.47;0
0.01;100;8.41;27.65;2
0.03;44;10.75;84.94;1
0.03;68;37.04;84.89;1
0.03;51;22.31;45.38;1
0.02;63;29.52;92.9;1
0.01;75;16.14;33.11;1
0.01;84;39.97;97.46;2
0.03;35;8.82;93.17;1
0.05;7;-0.73;91.25;1
0.04;45;35.7;55.69;1
0.01;45;20.95;98.42;0
0.05;96;35.02;62.63;2
0.04;90;-4.83;81.3;2
0.09;42;18.56;66.25;0
0.02;21;38.73;96.8;1
0.03;70;30.81;16.01;1
0.0;87;26.62;80.55;2
0.03;57;1.45;79.2;1
0.01;56;29.0;68.41;1
0.04;77;13.57;36.73;1
0.02;90;37.94;83.74;2
0.01;91;13.87;51.59;2
0.05;52;-2.23;22.99;1
0.01;32;-4.02;66.69;0
0.01;85;-7.38;81.29;2
0.01;42;34.3;59.08;0
0.04;17;-7.62;11.97;1
0.01;34;14.16;16.79;0
0.04;88;-3.19;52.14;2
0.01;49;25.66;62.48;0
0.04;88;-5.37;39.81;2
0.02;59;18.32;75.84;1
0.02;23;-1.16;82.6;1
0.05;82;-6.01;32.0;2
0.05;95;28.66;82.66;2
0.01;99;33.38;70.43;2
0.05;87;21.06;28.03;2
0.05;47;15.34;97.26;1
0.04;60;37.48;36.16;1
0.03;81;28.35;66.21;1
0.01;99;28.03;89.06;2
0.04;82;17.63;77.47;2
0.01;13;13.96;17.0;0
0.04;82;-5.04;62.47;2
0.01;5;36.0;47.83;0
0.03;101;16.89;57.4;2
0.01;9;-2.16;36.28;0
0.0;20;20.24;80.44;0
0.01;101;8.79;51.2;2
0.03;99;4.54;13.92;2
0.02;91;40.0;78.94;2
0.0;20;24.45;16.0;0
0.01;36;24.51;91.63;0
0.03;10;31.29;15.31;1
0.04;87;11.18;11.56;2
0.01;17;31.02;35.71;0
0.04;95;38.96;52.2;2
0.01;22;4.87;39.8;0
0.01;101;6.5;36.82;2
0.04;28;32.26;28.94;1
0.01;21;14.09;29.08;0
0.01;12;31.92;83.77;0
0.02;95;25.39;36.57;2
0.01;85;-4.26;91.87;2
0.01;99;6.55;69.52;2
0.02;89;24.79;58.07;2
0.01;50;-9.19;10.67;0
0.02;27;-7.97;33.45;1
0.01;34;-8.52;61.15;0
0.05;38;38.98;84.19;1
0.01;84;26.68;57.39;2
0.01;25;9.08;49.7;0
0.01;62;30.49;78.8;1
0.03;97;-7.04;58.4;2
0.03;32;0.06;68.0;1
0.01;36;7.1;30.27;0
0.01;48;37.37;78.57;0
0.01;88;33.66;21.34;2
0.01;44;21.66;34.29;0
0.01;43;13.68;20.37;0
0.05;15;12.45;22.5;1
0.03;56;25.35;25.25;1
0.03;20;27.89;77.61;1
0.01;45;-4.12;71.93;0
0.05;35;16.87;52.73;1
0.01;24;11.06;78.1;0
0.01;100;34.01;75.41;2
0.0;66;39.03;18.39;1
0.01;34;-5.06;11.04;0
0.05;83;9.46;15.28;2
0.03;86;39.59;86.25;2
0.05;101;28.41;20.32;2
0.02;39;22.1;55.05;1
0.0;37;-0.19;25.14;0
0.01;19;-7.05;47.89;0
0.04;61;38.2;29.54;1
0.01;27;1.33;24.56;0
0.01;13;31.68;79.92;0
0.01;28;26.11;91.35;1
0.02;74;5.5;73.42;1
0.05;61;6.91;94.36;1
0.04;95;-5.53;81.35;2
0.02;95;23.56;39.09;2
0.02;88;19.66;85.33;2
0.02;97;17.78;81.04;2
0.04;100;25.47;14.12;2
0.02;85;19.08;92.98;2
0.01;58;-5.08;53.92;1
0.01;32;39.64;51.04;0
0.04;16;-6.44;36.93;1
0.01;46;13.2;77.71;0
0.04;50;20.99;51.44;1
0.02;7;-1.81;94.25;1
0.03;70;-2.53;66.55;1
0.05;87;18.74;21.43;2
0.05;75;15.91;41.07;1
0.03;86;5.37;43.48;2
0.03;76;0.13;88.61;1
0.02;91;26.78;77.04;2
0.01;67;7.96;75.34;1
0.01;50;21.1;64.89;0
0.01;14;20.97;78.46;0
0.01;7;14.34;85.87;0
0.03;89;24.05;65.15;2
0.03;83;39.5;43.55;2
0.04;81;4.11;86.37;1
0.01;12;27.66;15.12;0
0.03;26;22.09;65.72;0
0.03;89;8.87;34.75;2
0.0;11;-0.65;19.4;0
0.03;12;23.47;97.29;1
0.02;86;2.66;80.26;2
0.01;99;-4.4;34.11;2
0.03;28;5.11;97.76;1
0.04;27;12.93;18.63;1
0.01;22;37.09;79.25;0
0.01;94;-6.83;50.23;2
0.0;79;-3.07;34.98;1
0.0;85;-5.06;22.7;2
0.24;116;32.39;85.14;2
0.03;57;18.39;60.97;1
0.01;37;10.41;48.6;0
0.0;26;7.37;41.66;0
0.01;23;-9.67;34.16;0
0.01;92;6.0;23.1;2
0.05;92;21.68;43.41;2
0.04;6;25.54;42.38;1
0.03;68;34.69;13.98;1
0.04;42;31.33;35.4;1
0.03;30;20.24;26.91;1
0.01;74;30.94;22.77;1
0.05;36;17.73;61.29;1
0.02;56;31.29;47.97;1
0.04;42;2.32;31.1;1
0.01;24;-6.29;53.34;0
0.04;90;6.69;97.55;2
0.01;14;34.17;75.04;0
0.01;88;38.24;49.71;2
0.04;101;16.05;69.12;2
0.01;86;11.71;46.19;2
0.02;97;21.97;52.67;2
0.04;34;3.58;98.8;1
0.04;12;33.86;84.97;1
0.05;20;21.99;69.0;1
0.05;95;27.04;95.78;2
0.03;97;0.39;40.29;2
0.05;20;-7.89;83.06;1
0.04;61;24.49;16.93;1
0.04;100;24.46;98.69;2
0.01;14;39.9;38.82;0
0.0;25;-5.69;50.76;0
0.01;97;7.02;15.59;2
0.04;34;1.22;46.55;1
0.05;77;-7.62;12.88;1
0.01;33;-2.29;97.92;1
0.06;34;19.41;62.37;0
0.0;39;25.0;41.36;0
0.04;85;37.83;77.41;2
0.01;25;25.9;76.11;0
0.02;49;13.92;79.86;1
0.04;88;35.84;53.87;2
0.03;45;36.65;30.52;1
0.03;67;39.16;80.18;1
0.01;37;-7.36;51.89;1
0.06;26;19.44;62.5;0
0.04;39;12.49;41.5;1
0.02;21;-0.3;64.88;1
0.01;14;-4.5;92.99;0
0.04;9;-3.59;37.0;1
0.0;10;25.34;94.57;0
0.04;92;22.91;70.15;2
0.02;87;0.79;66.0;2
0.04;65;16.03;47.28;1
0.04;21;5.32;79.59;1
0.04;18;-8.05;19.27;1
0.01;14;21.6;45.88;0
0.01;85;-2.9;35.46;2
0.05;101;11.58;89.79;2
0.05;78;-7.1;51.47;1
0.02;60;19.68;61.06;1
0.05;99;19.03;89.58;2
0.04;57;19.87;34.74;1
0.0;45;21.93;49.94;0
0.01;12;39.91;57.32;0
0.04;87;16.62;20.44;2
0.01;11;20.34;24.39;0
0.03;32;-6.37;74.9;1
0.0;33;8.18;60.96;0
0.01;96;-5.1;56.35;2
0.01;38;-2.21;66.87;0
0.05;63;-0.86;47.2;1
0.02;6;34.64;64.49;1
0.01;100;-6.45;98.91;2
0.07;16;21.79;65.37;0
0.01;25;14.75;27.81;0
0.01;101;-0.09;89.82;2
0.03;82;32.64;80.71;2
0.01;89;-1.68;94.26;2
0.05;77;-6.5;27.88;1
0.0;70;-7.67;85.94;1
0.01;32;9.35;30.02;0
0.02;85;0.32;86.18;2
0.03;69;9.69;27.61;1
0.03;24;27.39;85.42;1
0.03;78;-9.29;70.72;1
0.01;39;12.57;87.37;0
0.09;34;23.59;61.53;0
0.05;86;-6.56;53.85;2
0.05;95;35.64;38.24;2
0.04;69;30.27;87.22;1
0.01;19;27.43;38.86;0
0.01;30;33.86;27.79;0
0.01;27;17.34;22.97;0
0.0;85;32.51;63.11;2
0.01;51;4.19;37.21;0
0.01;22;17.67;39.86;0
0.05;76;20.14;39.65;1
0.04;83;17.72;26.21;2
0.05;89;20.56;11.39;2
0.04;7;3.64;88.15;1
0.02;84;31.87;76.93;2
0.04;77;37.8;65.08;1
0.05;82;36.79;13.64;2
0.02;92;28.47;82.78;2
0.04;17;-5.88;96.69;1
0.05;84;32.53;99.3;2
0.02;27;18.87;64.78;1
0.03;21;31.25;24.02;1
0.01;22;-1.86;38.88;0
0.02;94;23.97;28.49;2
0.03;101;24.04;77.41;2
0.04;66;39.98;55.6;1
0.02;93;-2.89;80.32;2
0.0;37;30.95;35.42;0
0.04;82;-0.11;91.46;2
0.03;46;17.16;29.99;1
0.04;10;-7.5;18.45;1
0.01;89;33.9;45.26;2
0.04;78;23.29;25.0;1
0.01;27;-4.82;83.1;0
0.04;17;31.27;28.41;1
0.05;49;-1.19;56.26;1
0.02;58;31.61;29.35;1
0.02;46;-9.98;12.27;1
0.05;88;-7.77;78.94;2
0.01;84;25.06;83.98;2
0.02;75;12.14;56.44;1
0.0;40;5.84;30.03;0
0.02;93;35.98;72.81;2
0.04;72;25.29;78.69;1
0.01;9;37.25;72.71;0
0.0;45;15.98;79.2;0
0.0;43;23.8;99.54;0
0.0;48;32.79;25.07;0
0.01;35;34.99;65.11;0
0.05;29;34.68;93.67;1
0.01;33;13.74;32.4;0
0.01;32;15.74;74.78;0
0.01;34;25.38;95.23;0
0.02;96;4.49;89.69;2
0.03;96;34.45;56.12;2
0.01;62;10.94;65.33;1
0.04;65;21.56;32.86;1
0.07;27;20.62;63.4;0
0.04;60;-8.42;33.86;1
0.01;44;1.66;24.49;0
0.05;86;38.51;10.57;2
0.01;47;33.5;41.39;0
0.01;36;15.94;64.6;1
0.03;23;0.03;96.88;1
0.01;28;-3.03;39.48;0
0.01;30;-4.58;72.18;0
0.01;13;11.9;35.7;0
0.05;82;-0.1;90.88;2
0.02;55;5.33;86.83;1
0.03;36;21.82;32.26;1
0.01;14;0.69;68.54;0
0.0;19;17.07;72.69;0
0.01;92;26.27;91.76;2
0.01;26;37.22;80.94;0
0.05;83;35.45;36.92;2
0.01;27;25.18;50.05;0
0.05;85;4.65;44.61;2
0.01;56;3.61;49.04;1
0.01;10;28.46;98.38;0
0.05;61;32.08;99.96;1
0.03;94;-2.64;85.44;2
0.02;101;19.44;12.38;2
0.02;100;25.32;58.87;2
0.03;101;23.09;73.97;2
0.01;64;31.74;56.79;1
0.02;28;12.15;57.82;1
0.01;92;-9.93;46.2;2
0.0;43;4.54;40.36;0
0.0;43;10.55;60.73;0
0.01;7;2.05;10.21;0
0.04;67;16.28;81.79;1
0.0;14;19.05;96.99;0
0.0;24;-9.51;87.11;0
0.01;53;-6.59;65.88;1
0.01;37;20.8;33.56;0
0.04;40;37.61;89.69;1
0.02;39;7.44;86.74;1
0.01;93;15.84;69.07;2
0.03;28;22.54;62.07;0
0.02;82;15.87;96.66;2
0.01;45;21.86;55.05;0
0.04;57;18.42;69.1;1
0.03;91;-1.0;54.28;2
0.01;10;36.91;29.39;0
0.02;95;2.06;68.51;2
0.02;79;15.81;61.54;1
0.03;91;4.28;73.72;2
0.03;78;18.59;40.96;1
0.03;57;6.75;72.08;1
0.02;84;3.0;81.12;2
0.01;43;27.77;36.86;0
0.01;50;19.42;78.52;0
0.0;31;-2.68;88.79;0
0.01;46;1.08;83.15;0
0.02;92;21.0;92.83;2
0.04;65;38.57;64.95;1
0.03;54;19.76;81.11;1
0.02;77;-7.39;64.06;1
0.03;31;26.67;32.04;1
0.03;101;-4.59;24.25;2
0.01;34;6.03;39.05;0
0.01;16;2.72;47.11;0
0.05;16;17.33;20.76;1
0.02;29;11.65;32.94;1
0.02;26;27.74;47.11;1
0.01;96;18.27;33.83;2
0.03;90;-0.98;13.72;2
0.01;29;7.74;35.67;0
0.03;18;22.33;87.17;1
0.03;18;12.31;18.27;1
0.0;14;-5.95;40.38;0
0.01;15;-2.18;32.48;0
0.01;45;-5.91;94.48;0
0.0;10;37.53;12.91;0
0.03;77;35.38;89.59;1
0.0;85;0.24;29.65;2
0.0;37;4.17;67.59;0
0.01;79;37.37;96.69;1
0.01;43;21.51;71.85;0
0.01;13;2.54;94.88;0
0.02;79;25.22;89.25;1
0.03;85;27.05;23.56;2
0.01;22;2.05;17.66;0
0.02;99;30.27;33.49;2
0.01;8;21.88;40.47;0
0.02;96;31.61;61.16;2
0.01;15;38.59;93.74;0
0.01;7;10.71;24.52;0
0.04;75;22.8;92.55;1
0.01;50;6.61;62.57;0
0.0;84;21.36;47.38;2
0.02;47;9.68;81.32;1
0.04;87;-8.02;51.49;2
0.01;76;6.97;10.71;1
0.05;86;16.79;36.89;2
0.02;85;17.78;87.41;2
0.0;31;37.6;40.35;0
0.01;24;37.38;51.3;0
0.04;45;37.89;71.87;1
0.05;60;17.27;95.49;1
0.05;88;16.3;28.58;2
0.02;28;14.3;15.89;1
0.01;90;23.37;38.55;2
0.05;92;25.67;46.36;2
0.04;55;21.45;37.9;1
0.03;23;-8.54;64.34;1
0.05;94;-1.72;57.15;2
0.01;91;2.87;83.85;2
0.02;48;4.31;61.65;1
0.0;13;29.92;35.44;0
0.03;68;19.55;52.53;1
0.03;47;-6.23;62.72;1
0.04;98;-3.57;47.09;2
0.05;96;36.72;86.13;2
0.03;89;37.61;37.99;2
0.04;61;37.57;80.42;1
0.04;64;31.78;36.07;1
0.05;48;20.45;44.3;1
0.01;9;25.61;92.56;0
0.02;83;28.81;68.91;2
0.01;14;36.89;45.98;0
0.0;43;23.27;74.84;0
0.05;48;19.08;37.74;1
0.02;14;19.19;93.18;1
0.05;99;28.3;67.58;2
0.03;82;30.59;21.52;2
0.04;90;32.85;17.65;2
0.01;75;11.63;80.22;1
0.04;30;-3.57;35.06;1
0.05;63;12.23;34.3;1
0.03;74;37.41;33.89;1
0.04;95;3.13;97.89;2
0.01;12;1.22;89.6;0
0.02;73;1.5;31.45;1
0.0;33;38.12;90.06;0
0.04;93;1.57;11.32;2
0.01;22;-2.63;40.15;0
0.05;98;19.15;75.78;2
0.01;29;2.49;28.96;0
0.01;40;12.46;23.71;0
0.02;78;1.0;40.27;1
0.05;94;-6.8;41.89;2
0.01;43;21.34;59.85;0
0.01;15;6.88;28.37;0
0.02;100;15.42;91.22;2
0.02;52;9.57;33.07;1
0.01;96;16.25;67.81;2
0.03;19;2.33;70.03;1
0.01;88;7.64;52.92;2
0.05;96;3.93;58.5;2
0.09;27;19.87;64.24;0
0.03;85;-8.48;42.93;2
0.05;94;7.62;48.67;2
0.03;85;10.66;82.07;2
0.0;101;-5.3;19.3;2
0.02;85;29.74;45.6;2
0.01;31;2.3;33.55;0
0.0;21;11.19;69.74;0
0.01;31;9.72;78.62;0
0.01;36;27.81;95.91;0
0.04;42;15.43;16.36;1
0.01;91;-0.56;69.78;2
0.01;82;38.99;27.02;2
0.01;89;33.54;15.56;2
0.01;10;12.36;42.54;0
0.01;101;14.3;57.89;2
0.01;93;4.93;79.21;2
0.05;50;38.14;75.22;1
0.05;88;26.52;61.05;2
0.02;40;-3.55;36.72;1
0.03;23;10.15;78.47;1
0.05;93;22.45;18.7;2
0.04;34;2.84;65.99;1
0.02;55;22.02;53.61;1
0.05;56;27.01;85.8;1
0.02;91;33.81;19.63;2
0.01;59;-9.45;73.93;1
0.01;88;2.42;20.66;2
0.02;89;39.19;98.79;2
0.01;98;1.15;32.72;2
0.03;96;11.29;75.53;2
0.01;10;12.11;98.32;0
0.01;8;37.39;34.34;0
0.19;115;33.88;84.64;2
0.0;26;-3.52;90.58;0
0.02;8;-4.73;59.4;1
0.01;95;16.9;59.66;2
0.04;94;11.79;10.44;2
0.04;69;1.09;68.06;1
0.03;94;-9.81;12.16;2
0.01;44;-8.77;72.54;0
0.07;25;22.35;61.91;0
0.01;93;12.84;37.68;2
0.04;19;-2.1;17.21;1
0.0;19;16.19;78.43;0
0.02;45;9.39;54.5;1
0.05;42;12.85;40.63;1
0.02;82;-9.76;28.21;2
0.02;11;19.89;15.44;1
0.0;41;-4.38;28.67;0
0.04;19;8.53;92.96;1
0.01;16;16.84;67.9;0
0.02;81;13.15;19.17;1
0.0;96;34.84;82.5;2
0.01;20;7.79;90.52;0
0.01;47;-5.62;85.31;0
0.0;51;29.98;66.41;0
0.05;99;-2.77;90.2;2
0.01;84;36.31;65.6;2
0.04;91;9.88;56.85;2
0.02;12;-0.91;69.05;1
0.01;39;38.94;39.33;0
0.03;69;14.52;41.51;1
0.04;45;28.54;25.56;1
0.02;90;-0.57;93.61;2
0.03;18;-4.77;49.4;1
0.01;98;14.86;87.67;2
0.05;97;5.04;46.16;2
0.03;88;12.99;81.09;2
0.01;47;15.62;76.64;0
0.03;47;15.08;13.68;1
0.02;57;23.27;88.69;1
0.03;96;15.68;75.59;2
0.03;59;10.37;14.75;1
0.01;13;-4.92;39.25;0
0.01;7;12.25;38.32;0
0.01;5;-1.57;42.0;0
0.04;88;-4.73;87.25;2
0.01;9;19.76;10.39;0
0.01;71;28.33;98.68;1
0.02;51;4.47;35.1;1
0.02;45;38.27;76.36;1
0.03;92;16.03;86.26;2
0.0;82;-4.81;10.09;2
0.01;20;31.19;81.87;0
0.03;82;-8.56;51.01;2
0.02;59;-9.33;72.97;1
0.03;90;-1.33;54.02;2
0.02;96;15.25;43.43;2
0.03;83;20.9;75.24;2
0.02;85;16.82;94.05;2
0.01;86;34.92;76.43;2
0.01;8;23.57;60.25;0
0.03;100;32.25;93.03;2
0.01;41;9.06;83.66;0
0.03;56;33.51;12.31;1
0.03;91;25.23;90.47;2
0.01;17;19.67;44.18;0
0.0;29;16.42;91.71;0
0.03;50;9.99;96.27;1
0.02;83;2.72;68.97;2
0.01;9;19.86;95.43;0
0.05;99;14.97;44.54;2
0.01;46;37.04;16.09;0
0.01;37;-9.03;13.82;0
0.01;51;-9.3;36.42;1
0.04;39;31.6;51.32;1
0.0;48;25.14;64.87;0
0.01;10;4.58;40.8;0
0.01;7;18.53;44.2;0
0.01;16;12.82;91.3;0
0.0;6;0.08;76.63;0
0.03;52;20.9;58.2;1
0.0;34;4.14;68.08;0
0.02;15;2.61;22.84;1
0.02;29;35.66;62.45;1
0.04;59;29.61;56.55;1
0.01;24;7.14;75.25;0
0.01;29;-8.92;91.2;1
0.05;91;3.18;41.52;2
0.01;73;10.35;98.3;1
0.03;6;28.78;71.9;1
0.0;29;35.24;75.12;0
0.01;37;28.44;81.21;0
0.04;15;0.46;83.53;1
0.0;101;8.04;57.11;2
0.04;81;3.65;59.47;1
0.02;15;22.85;52.89;1
0.04;84;18.82;36.85;2
0.02;64;18.62;33.65;1
0.01;36;39.42;81.73;0
0.0;29;30.46;32.07;0
0.04;28;19.15;63.67;0
0.02;68;14.95;74.92;1
0.05;90;22.08;30.6;2
0.03;84;11.86;22.96;2
0.03;52;11.01;21.18;1
0.05;85;30.52;40.94;2
0.01;45;9.17;99.77;0
0.04;101;30.05;25.24;2
0.02;50;10.36;50.88;1
0.0;27;24.14;55.05;0
0.01;90;30.73;65.27;2
0.01;39;39.28;15.07;0
0.02;90;28.46;72.07;2
0.01;24;18.89;69.46;0
0.03;16;18.73;63.34;1
0.0;48;33.26;84.92;0
0.01;16;37.01;43.78;0
0.01;8;2.02;59.48;0
0.03;86;39.44;66.88;2
0.04;86;39.66;57.12;2
0.0;14;17.04;99.87;0
0.05;60;16.51;43.59;1
0.04;81;14.94;16.94;1
0.01;35;-9.03;55.27;0
0.01;22;0.3;49.83;0
0.01;50;31.26;65.17;0
0.02;94;34.44;66.26;2
0.03;49;7.17;59.08;1
0.01;5;7.55;29.17;0
0.01;7;15.8;40.64;0
0.05;92;31.91;13.06;2
0.0;42;4.34;49.98;0
0.01;51;4.91;31.48;0
0.03;82;-1.92;50.27;2
0.03;85;-7.68;79.92;2
0.02;84;-9.66;78.67;2
0.01;32;23.77;50.16;1
0.01;95;5.43;54.16;2
0.0;72;24.6;41.72;1
0.03;53;37.71;22.6;1
0.04;23;18.54;65.09;0
0.04;83;14.31;38.62;2
0.01;96;5.47;96.57;2
0.02;94;3.97;15.8;2
0.01;90;16.45;38.63;2
0.0;32;25.44;37.9;0
0.01;102;30.84;50.21;2
0.0;41;16.74;21.35;0
0.04;96;4.4;91.05;2
0.04;83;-4.85;14.48;2
0.01;35;-6.11;14.64;0
0.02;94;-3.02;12.29;2
0.03;88;-8.86;51.12;2
0.0;87;-4.78;16.82;2
0.02;97;27.75;54.24;2
0.01;13;13.75;55.62;0
0.02;98;-4.35;71.51;2
0.03;82;11.86;56.82;2
0.05;11;39.41;86.55;1
0.04;18;14.84;43.32;1
0.01;9;3.27;77.5;0
0.0;45;17.82;75.33;0
0.04;70;15.3;23.65;1
0.03;86;-6.93;24.56;2
0.05;62;30.63;63.39;1
0.03;82;9.93;48.16;2
0.04;75;10.52;80.77;1
0.02;66;22.74;67.28;1
0.03;89;-3.03;20.94;2
0.01;23;-4.39;52.29;0
0.02;52;0.2;64.65;1
0.02;92;9.33;20.72;2
0.0;42;8.36;38.9;0
0.04;84;3.41;61.58;2
0.01;11;20.05;81.49;1
0.01;40;33.27;60.39;0
0.01;14;38.25;22.66;0
0.03;27;-0.37;96.19;1
0.01;16;39.88;68.59;0
0.03;94;33.79;75.99;2
0.01;47;-0.2;30.86;0
0.01;17;38.55;90.22;0
0.0;83;3.15;31.22;2
0.03;85;5.84;37.8;2
0.0;21;39.6;44.32;0
0.02;99;25.06;68.75;2
0.1;22;19.25;65.35;0
0.02;91;25.31;23.21;2
0.03;54;9.43;21.37;1
0.02;42;10.88;67.64;1
0.01;48;11.13;89.64;0
0.04;98;-4.56;30.73;2
0.01;10;35.67;47.69;0
0.01;12;15.15;13.77;0
0.03;90;-9.28;53.66;2
0.05;98;7.68;61.93;2
0.02;38;-8.75;84.31;1
0.02;91;39.87;26.48;2
0.04;53;24.43;19.53;1
0.01;95;25.24;24.77;2
0.04;29;7.54;85.14;1
0.02;63;12.41;14.35;1
0.01;41;30.06;16.25;0
0.04;62;-7.24;55.2;1
0.04;82;-0.96;22.84;2
0.04;53;32.28;69.21;1
0.01;49;11.66;79.01;0
0.01;69;20.61;56.57;1
0.01;82;0.23;49.63;2
0.0;45;-8.36;77.52;0
0.01;40;21.15;37.62;0
0.01;99;27.63;97.19;2
0.01;30;14.16;73.12;0
0.04;12;17.06;84.69;1
0.03;93;13.59;85.98;2
0.05;51;5.22;47.12;1
0.03;89;35.55;43.19;2
0.02;11;18.29;17.55;1
0.03;67;4.96;76.12;1
0.04;47;8.45;73.32;1
0.01;100;36.22;44.72;2
0.03;6;-4.95;19.21;1
0.05;37;-1.51;68.3;1
0.0;10;14.96;98.74;0
0.05;63;18.21;30.58;1
0.02;97;-9.44;40.22;2
0.02;32;28.54;80.31;1
0.0;88;39.87;62.56;2
0.22;114;31.0;83.98;2
0.02;94;24.4;85.74;2
0.02;86;-9.53;62.47;2
0.01;39;11.63;74.3;0
0.04;80;35.4;59.5;1
0.01;36;-2.05;85.08;0
0.02;6;30.72;33.49;1
0.05;91;28.82;49.68;2
0.03;9;24.1;64.45;1
0.03;91;14.83;23.82;2
0.05;15;16.64;16.45;1
0.03;95;21.6;91.57;2
0.01;23;6.99;76.85;0
0.01;42;34.37;64.41;0
0.03;76;9.6;59.19;1
0.01;13;33.77;17.61;0
0.02;67;19.26;31.42;1
0.01;44;28.24;41.2;1
0.05;88;3.76;16.41;2
0.03;100;0.11;73.15;2
0.04;25;9.6;30.02;1
0.02;60;36.05;91.17;1
0.01;35;1.54;23.11;1
0.03;89;2.81;90.92;2
0.01;87;-2.18;87.38;2
0.01;15;1.91;93.67;0
0.03;40;11.92;60.31;1
0.01;23;12.29;89.84;0
0.05;102;-8.02;83.05;2
0.03;99;11.87;10.68;2
0.05;6;39.97;78.85;1
0.05;29;3.74;15.33;1
0.05;87;-3.17;50.95;2
0.05;21;5.9;86.07;1
0.05;95;-6.27;90.14;2
0.02;86;12.4;94.56;2
0.04;75;27.58;58.72;1
0.01;30;-5.73;43.03;0
0.02;23;15.51;31.16;1
0.04;101;31.99;50.24;2
0.05;51;-9.27;43.25;1
0.03;101;4.2;51.96;2
0.16;55;26.82;74.07;1
0.04;71;15.74;83.78;1
0.01;34;39.96;37.93;0
0.03;96;16.24;13.94;2
0.01;76;-1.9;13.93;1
0.01;6;7.69;63.57;0
0.01;17;-3.54;76.14;0
0.05;93;20.9;81.28;2
0.04;59;12.32;51.18;1
0.01;39;24.13;35.81;0
0.04;31;14.51;78.75;1
0.05;14;5.99;30.63;1
0.05;79;6.0;13.0;1
0.0;18;33.3;67.63;0
0.01;8;25.92;51.78;0
0.05;62;-9.41;54.8;1
0.01;92;9.48;25.06;2
0.0;13;37.25;63.77;0
0.05;101;24.21;80.12;2
0.01;29;24.82;43.54;0
0.01;39;17.07;17.19;0
0.0;31;25.12;54.04;0
0.01;34;39.23;77.13;0
0.04;101;35.87;51.64;2
0.05;99;16.08;86.16;2
0.02;14;25.06;69.84;1
0.02;93;7.28;46.71;2
0.02;83;-8.57;10.81;2
0.02;30;16.12;19.22;1
0.03;98;13.6;91.76;2
0.01;8;-8.1;48.9;0
0.01;5;19.6;85.39;0
0.02;48;37.81;70.31;1
0.01;46;-1.54;53.23;0
0.02;71;14.64;77.62;1
0.02;66;6.74;12.28;1
0.01;40;14.06;92.0;0
0.01;23;14.04;52.36;0
0.04;43;9.1;40.46;1
0.05;28;20.53;68.51;0
0.01;27;25.68;23.47;0
0.02;47;39.18;34.32;1
0.01;20;18.9;19.96;0
0.06;10;23.21;63.62;0
0.03;61;32.75;71.4;1
0.0;16;12.85;63.08;0
0.01;7;31.5;23.06;0
0.01;11;32.98;48.74;0
0.01;31;16.39;97.63;0
0.01;90;35.59;17.91;2
0.05;23;9.55;89.1;1
0.01;97;36.22;84.08;2
0.04;14;30.52;15.4;1
0.03;67;13.97;31.91;1
0.02;96;26.9;27.11;2
0.04;83;3.4;73.73;2
0.04;98;23.96;69.37;2
0.01;93;4.77;65.13;2
0.03;11;37.02;51.89;1
0.02;91;13.55;80.44;2
0.02;99;5.98;15.71;2
0.05;17;3.54;65.91;1
0.05;22;1.34;60.44;1
0.01;73;31.53;58.39;1
0.01;56;18.71;50.22;1
0.01;41;5.2;37.12;0
0.05;86;2.14;38.71;2
0.03;51;31.01;66.83;1
0.01;40;34.1;53.59;0
0.05;91;11.66;84.32;2
0.05;95;-3.36;66.33;2
0.02;58;33.7;68.5;1
0.01;100;8.63;66.03;2
0.01;6;-0.51;60.37;0
0.01;8;-1.37;17.76;0
0.03;83;12.11;50.16;2
0.03;62;1.65;90.89;1
0.01;93;-7.77;11.95;2
0.0;42;-2.54;80.68;0
0.01;9;34.54;86.55;0
0.02;6;13.05;10.21;1
0.05;20;37.14;31.09;1
0.03;102;-8.75;52.79;2
0.03;28;27.86;42.47;1
0.05;84;-5.71;36.39;2
0.05;84;4.8;25.61;2
0.04;36;20.82;88.17;1
0.01;21;26.66;93.78;0
0.04;54;8.08;12.18;1
0.04;99;9.15;48.35;2
0.27;101;32.18;83.18;2
0.04;82;29.36;52.09;2
0.05;17;0.54;25.94;1
0.05;95;27.07;14.73;2
0.01;17;36.03;94.24;0
0.04;23;30.81;64.22;1
0.01;16;26.31;20.92;0
0.01;26;1.66;31.62;0
0.01;40;27.71;65.17;0
0.03;6;9.01;55.79;1
0.04;98;13.13;39.52;2
0.01;43;27.9;80.19;0
0.03;48;37.59;69.87;1
0.04;44;19.58;66.2;0
0.0;8;23.35;91.82;0
0.0;26;-5.37;73.34;0
0.01;15;-7.51;81.8;0
0.1;25;22.26;67.82;0
0.01;36;2.78;36.87;0
0.01;20;-7.22;46.99;0
0.0;97;7.62;97.05;2
0.02;23;-0.08;74.75;1
0.02;98;-5.12;52.85;2
0.01;15;16.94;50.71;0
0.01;71;7.76;71.9;1
0.02;12;22.74;38.66;1
0.01;24;17.83;44.64;0
0.01;47;6.96;58.89;0
0.04;23;19.73;65.47;0
0.01;15;17.61;29.25;0
0.04;82;-7.08;17.86;2
0.01;46;21.89;68.22;0
0.01;98;29.2;69.81;2
0.03;92;16.36;83.29;2
0.05;53;25.83;63.84;1
0.03;96;39.5;17.06;2
0.02;100;-3.22;94.43;2
0.02;23;-1.99;95.8;1
0.01;66;29.51;77.7;1
0.05;13;23.69;70.23;1
0.03;55;34.87;66.59;1
0.04;86;28.79;30.09;2
0.01;27;7.7;43.16;0
0.01;87;-8.99;23.79;2
0.04;8;-9.16;37.55;1
0.02;102;12.22;97.36;2
0.01;18;-1.18;41.53;0
0.04;70;15.15;66.84;1
0.02;84;5.95;15.95;2
0.06;45;20.57;63.79;0
0.04;95;4.59;46.3;2
0.01;46;39.3;97.69;0
0.01;32;-6.46;96.65;0
0.01;16;6.23;30.72;0
0.02;61;14.21;12.66;1
0.01;17;29.47;69.55;0
0.05;32;2.58;40.73;1
0.01;9;-2.16;14.09;0
0.0;19;31.21;43.07;0
0.02;62;21.6;15.6;1
0.02;61;35.71;59.37;1
0.05;98;2.63;84.24;2
0.01;41;15.93;63.93;0
0.05;9;3.15;84.46;1
0.01;89;20.98;96.85;2
0.09;13;19.26;66.18;0
0.04;19;22.61;40.99;1
0.01;16;9.4;53.73;0
0.03;11;-8.02;72.34;1
0.04;32;-4.94;75.56;1
0.0;39;17.93;37.55;0
0.02;20;33.83;82.47;1
0.04;85;10.01;77.28;2
0.04;91;38.85;88.03;2
0.0;33;14.02;22.61;0
0.01;11;28.66;20.4;0
0.01;87;7.8;34.75;2
0.03;77;-2.23;89.75;1
0.01;19;22.0;37.85;0
0.0;34;11.96;89.17;0
0.01;19;-9.08;27.72;0
0.01;101;31.54;53.7;2
0.01;14;-1.48;57.41;0
0.01;51;11.24;64.73;0
0.03;32;37.27;41.0;1
0.15;52;26.98;70.31;1
0.01;45;7.09;79.89;0
0.0;100;-4.01;62.56;2
0.02;13;21.8;15.75;1
0.05;54;5.2;24.32;1
0.02;11;5.32;29.32;1
0.05;102;0.43;57.98;2
0.05;44;33.65;28.73;1
0.0;46;-5.83;77.65;0
0.03;38;-9.6;76.21;1
0.0;20;15.53;29.28;0
0.03;88;-7.91;87.13;2
0.04;99;37.51;17.97;2
0.28;118;34.65;85.42;2
0.05;33;25.75;80.3;1
0.01;14;21.58;81.91;0
0.0;42;17.69;99.61;0
0.01;35;16.2;76.07;0
0.05;89;14.16;81.2;2
0.02;15;23.41;67.53;1
0.01;37;-8.08;42.89;0
0.01;17;16.82;68.56;0
0.05;9;1.37;42.33;1
0.01;18;28.19;13.01;0
0.01;41;25.38;68.42;0
0.0;51;24.94;11.09;0
0.05;91;21.74;55.98;2
0.04;76;0.1;17.73;1
0.02;67;-2.34;45.29;1
0.04;13;10.0;42.4;1
0.01;89;9.04;21.32;2
0.05;99;16.32;99.45;2
0.04;101;-1.85;97.99;2
0.01;43;30.13;16.7;0
0.03;39;-7.19;22.73;1
0.01;51;23.04;28.63;0
0.03;82;-7.06;16.57;2
0.05;101;25.27;55.96;2
0.03;22;-7.28;42.04;1
0.04;43;-3.39;75.13;1
0.02;95;4.14;83.81;2
0.02;45;8.09;72.05;1
0.01;43;18.41;20.11;0
0.04;82;36.64;96.4;2
0.04;14;20.11;79.0;1
0.04;71;5.71;15.57;1
0.01;59;16.15;40.71;1
0.02;47;39.55;50.65;1
0.01;43;3.09;88.28;0
0.01;8;27.39;17.15;0
0.0;6;34.08;33.54;0
0.0;29;28.13;87.51;0
0.01;100;2.6;15.14;2
0.03;6;27.26;19.37;1
0.03;37;21.2;38.83;1
0.05;89;6.01;38.73;2
0.01;44;20.63;16.61;0
0.03;20;21.66;43.32;1
0.04;27;19.37;66.57;0
0.0;17;-0.74;79.07;0
0.05;84;-0.32;47.56;2
0.01;90;25.66;28.75;2
0.04;79;35.1;58.31;1
0.01;31;7.41;30.04;0
0.03;100;23.95;75.93;2
0.0;17;35.54;56.4;0
0.05;73;11.81;37.98;1
0.05;90;6.62;64.36;2
0.04;101;1.66;62.6;2
0.04;94;28.32;74.16;2
0.01;93;30.73;50.63;2
0.05;31;23.94;67.99;0
0.04;93;35.94;27.95;2
0.02;43;13.47;46.25;1
0.04;50;35.01;23.13;1
0.01;43;-6.3;77.21;0
0.01;45;8.63;12.3;0
0.04;63;-3.46;64.76;1
0.01;12;4.77;10.25;0
0.05;38;18.47;28.58;1
0.01;22;32.42;86.65;0
0.02;92;31.47;18.47;2
0.04;60;31.58;99.67;1
0.01;97;-8.65;37.32;2
0.05;74;-3.27;94.73;1
0.01;98;-7.59;35.67;2
0.05;10;-7.67;72.64;1
0.01;10;-1.6;90.02;0
0.03;33;19.17;64.17;0
0.01;34;-1.14;69.54;0
0.0;22;25.56;84.66;0
0.03;82;27.43;85.5;2
0.04;49;5.03;81.63;1
0.04;64;15.41;40.98;1
0.01;33;-7.74;72.35;0
0.01;46;-3.06;68.72;0
0.01;26;-0.6;44.51;0
0.01;21;-4.44;49.32;0
0.01;37;-7.05;16.2;0
0.04;70;-8.12;43.88;1
0.01;22;4.62;82.59;0
0.01;25;-5.02;83.58;0
0.02;75;39.37;12.88;1
0.02;95;38.29;71.57;2
0.02;7;7.0;26.77;1
0.02;37;-0.62;66.53;1
0.04;55;7.69;64.44;1
0.02;29;12.74;12.17;1
0.25;120;33.1;81.82;2
0.04;26;0.8;88.99;1
0.04;80;20.48;83.31;1
0.03;53;35.06;63.06;1
0.01;101;-5.83;75.12;2
0.01;50;23.67;55.59;0
0.05;75;33.8;79.89;1
0.01;44;37.11;77.35;0
0.01;80;1.74;99.25;1
0.01;90;33.23;81.78;2
0.01;95;21.98;10.52;2
0.02;80;-1.55;34.17;1
0.01;44;6.29;69.31;0
0.02;59;0.61;54.01;1
0.0;27;23.78;84.09;0
0.0;31;-0.04;84.72;0
0.01;17;-7.54;20.67;0
0.05;9;-5.55;85.46;1
0.05;77;0.95;38.28;1
0.0;36;7.94;19.04;0
0.02;91;27.31;50.14;2
0.02;92;28.97;22.05;2
0.01;58;-4.18;16.17;1
0.03;99;9.0;38.54;2
0.02;45;7.32;36.5;1
0.03;10;-2.7;19.33;1
0.01;6;11.45;56.02;0
0.01;26;7.3;54.26;0
0.01;102;15.88;38.29;2
0.02;88;1.1;70.95;2
0.01;53;-7.2;50.12;1
0.04;89;9.94;51.22;2
0.04;84;36.2;61.42;2
0.24;105;31.19;84.43;2
0.01;37;30.14;62.88;0
0.01;20;20.33;67.45;0
0.07;29;19.8;67.25;0
0.01;91;31.41;29.45;2
0.01;9;5.43;54.46;0
0.01;35;35.25;87.89;0
0.04;94;25.02;84.11;2
0.01;15;37.23;91.79;1
0.04;91;15.42;80.39;2
0.04;82;9.19;95.15;2
0.02;38;29.99;44.76;1
0.03;59;3.82;22.29;1
0.04;21;9.97;15.01;1
0.01;41;2.25;18.88;0
0.0;47;-0.27;11.44;0
0.04;32;31.01;82.93;1
0.01;35;15.94;19.53;0
0.01;84;39.37;97.41;2
0.02;40;38.25;50.59;1
0.01;29;4.01;18.04;1
0.04;59;27.31;99.62;1
0.01;85;24.32;13.55;2
0.05;91;7.13;27.77;2
0.05;61;-7.43;75.26;1
0.03;18;31.43;56.98;1
0.05;17;11.73;84.88;1
0.05;46;31.57;57.56;1
0.24;104;31.43;82.73;2
0.03;99;22.26;55.13;2
0.02;12;32.47;99.81;1
0.03;19;-4.82;55.68;1
0.04;44;-1.56;51.85;1
0.02;88;37.65;20.35;2
0.01;18;9.57;19.12;0
0.03;89;6.38;31.31;2
0.01;31;-4.95;89.87;0
0.0;11;-9.1;95.47;0
0.01;22;-9.34;80.32;0
0.01;101;27.58;14.93;2
0.03;46;0.42;31.81;1
0.03;83;3.5;89.23;2
0.05;94;11.76;80.2;2
0.03;53;34.33;33.81;1
0.01;21;-7.0;56.46;0
0.02;62;34.93;43.53;1
0.01;21;27.07;71.47;0
0.04;82;10.1;29.55;2
0.04;38;-6.72;22.38;1
0.02;32;-0.3;27.75;1
0.05;95;-6.85;69.14;2
0.01;17;3.72;11.56;0
0.0;36;6.97;95.96;0
0.02;93;29.33;28.39;2
0.01;39;34.78;43.76;0
0.01;36;7.69;31.42;0
0.02;93;12.41;15.46;2
0.05;99;36.57;37.76;2
0.01;34;-7.39;56.09;0
0.01;36;23.04;14.98;0
0.04;85;1.33;23.45;2
0.01;24;39.13;94.93;0
0.01;94;17.09;16.38;2
0.05;94;12.67;66.53;2
0.02;93;-8.87;72.17;2
0.01;9;-8.28;84.01;0
0.03;37;5.82;87.03;1
0.01;100;5.31;45.08;2
0.05;74;3.77;96.4;1
0.01;17;-8.44;60.72;0
0.01;14;-7.09;81.59;1
0.01;33;11.09;28.63;1
0.03;7;-1.25;62.73;1
0.01;43;-5.46;55.52;0
0.04;84;29.98;39.83;2
0.05;87;8.88;36.09;2
0.04;13;5.14;56.11;1
0.03;15;18.88;67.83;0
0.01;100;25.8;48.09;2
0.02;83;10.13;57.38;2
0.03;51;11.7;18.83;1
0.03;96;24.75;72.44;2
0.01;50;18.88;61.78;0
0.03;18;21.49;39.47;1
0.02;74;30.39;34.77;1
0.01;92;26.56;21.66;2
0.01;84;17.05;17.41;2
0.05;59;14.51;80.36;1
0.0;45;32.75;74.57;0
0.01;14;30.45;36.79;0
0.01;29;19.52;38.82;0
0.02;60;36.04;56.13;1
0.02;43;8.88;47.13;1
0.0;18;18.98;56.37;0
0.01;25;2.83;46.12;0
0.0;25;37.46;57.31;0
0.0;36;31.43;33.55;0
0.03;42;37.96;41.52;1
0.02;90;15.45;50.73;2
0.05;96;-5.98;97.69;2
0.0;10;-7.53;72.87;0
0.04;49;35.1;63.98;1
0.01;27;-0.31;37.39;0
0.04;84;5.09;16.75;2
0.04;69;28.2;60.65;1
0.06;27;19.26;66.1;0
0.0;101;22.49;18.05;2
0.01;10;-2.16;54.4;0
0.01;33;21.45;19.1;0
0.02;78;26.61;85.81;1
0.04;20;23.55;66.2;1
0.02;96;30.49;75.67;2
0.01;101;6.85;97.55;2
0.01;89;-6.77;17.99;2
0.01;82;36.2;94.14;2
0.02;72;8.16;21.19;1
0.0;95;3.03;20.88;2
0.03;91;-9.62;33.96;2
0.26;102;31.61;86.76;2
0.03;53;29.55;13.54;1
0.01;50;-6.8;59.69;0
0.04;96;6.22;12.16;2
0.0;35;9.6;71.54;0
0.01;50;6.14;95.89;0
0.03;99;4.11;73.76;2
0.03;11;-7.53;58.6;1
0.0;20;39.84;59.02;0
0.0;25;20.75;67.48;0
0.04;81;0.1;11.73;1
0.01;51;-6.31;33.39;0
0.0;92;-4.39;38.42;2
0.03;102;-2.79;94.66;2
0.02;13;1.6;97.83;1
0.03;85;38.08;50.75;2
0.05;54;11.96;41.46;1
0.05;53;30.54;10.43;1
0.01;13;34.13;33.08;0
0.01;93;19.01;71.26;2
0.02;43;8.27;18.22;1
0.01;58;-3.11;12.83;1
0.01;21;-2.48;76.42;0
0.03;96;-1.43;64.1;2
0.05;87;9.51;66.42;2
0.02;89;3.97;19.37;2
0.01;96;25.62;30.54;2
0.01;53;23.62;12.48;1
0.02;89;-1.72;24.73;2
0.01;6;1.17;97.23;0
0.02;70;14.83;26.47;1
0.03;34;3.41;13.82;1
0.01;30;-8.43;82.1;0
0.05;19;-9.81;61.28;1
0.03;90;29.81;47.93;2
0.05;94;14.55;97.32;2
0.01;39;5.25;77.99;0
0.01;52;35.65;80.14;1
0.0;13;14.48;15.71;0
0.03;99;1.25;81.49;2
0.01;30;16.33;50.73;0
0.04;37;34.54;34.53;1
0.01;42;17.06;79.84;0
0.04;70;38.98;58.22;1
0.01;7;6.92;57.6;0
0.01;15;13.92;27.55;0
0.01;25;32.94;48.62;0
0.05;69;-5.24;56.92;1
0.05;50;12.99;20.7;1
0.01;17;-3.57;31.52;0
0.01;41;1.18;69.83;0
0.02;89;-8.49;52.98;2
0.05;37;6.13;94.0;1
0.01;17;20.35;46.19;0
0.02;53;25.54;92.0;1
0.03;24;5.99;26.89;1
0.05;98;-1.92;65.22;2
0.01;18;-8.04;88.65;0
0.01;31;-9.31;55.26;0
0.04;92;-8.96;96.0;2
0.05;39;30.3;74.09;1
0.01;25;39.4;10.9;0
0.03;70;36.2;36.17;1
0.01;21;33.77;83.85;0
0.01;8;-5.36;54.21;0
0.01;16;26.65;55.93;0
0.01;86;-2.06;93.95;2
0.03;98;36.32;34.55;2
0.05;87;-5.82;29.38;2
0.0;41;-9.89;19.33;0
0.01;39;-0.1;16.91;0
0.01;31;38.23;57.59;0
0.05;90;1.41;85.1;2
0.09;25;23.85;65.84;0
0.0;12;-0.65;55.63;0
0.0;43;26.15;12.9;0
0.0;6;35.58;94.94;0
0.01;69;0.32;26.03;1
0.03;13;-7.57;13.74;1
0.04;18;18.82;65.51;0
0.02;38;21.88;73.81;1
0.05;96;20.24;57.47;2
0.01;84;28.84;42.37;2
0.01;90;23.98;22.36;2
0.01;23;17.13;15.13;0
0.01;32;33.86;98.4;0
0.01;45;-8.59;40.59;0
0.05;50;35.58;39.12;1
0.01;87;31.45;21.44;2
0.04;91;8.55;45.24;2
0.03;85;32.24;23.91;2
0.01;86;-2.11;70.59;2
0.02;66;-7.93;51.54;1
0.01;10;30.92;49.84;0
0.04;24;20.46;66.9;0
0.0;18;-3.58;70.28;0
0.03;18;4.61;63.33;1
0.03;101;20.66;39.89;2
0.03;13;18.27;18.98;1
0.01;10;7.3;68.22;0
0.03;20;5.25;60.67;1
0.0;56;28.39;20.3;1
0.02;101;-8.57;31.26;2
0.03;18;-7.74;13.6;1
0.01;12;11.95;62.56;0
0.04;83;11.07;70.62;2
0.01;28;-5.97;64.65;0
0.01;85;6.67;49.4;2
0.04;86;-7.6;34.64;2
0.07;37;18.79;63.43;0
0.01;48;11.51;51.36;0
0.06;29;20.38;63.73;0
0.05;86;-8.03;79.55;2
0.01;48;28.9;77.27;0
0.02;82;35.83;68.12;2
0.01;46;31.14;36.84;0
0.04;73;36.39;85.5;1
0.01;80;12.91;84.79;1
0.01;38;32.42;47.6;0
0.04;96;39.15;48.69;2
0.01;25;30.38;72.59;1
0.01;90;14.92;79.71;2
0.0;21;29.29;23.83;0
0.01;9;30.19;40.87;0
0.04;26;38.0;37.15;1
0.04;94;8.12;48.95;2
0.01;50;12.22;89.12;0
0.04;31;-2.99;60.13;1
0.01;23;13.64;76.63;0
0.02;90;-0.17;18.46;2
0.03;102;28.23;17.19;2
0.05;41;38.31;74.78;1
0.0;30;26.15;97.19;0
0.01;87;34.96;54.11;2
0.03;17;11.01;51.35;1
0.01;6;20.37;19.23;1
0.05;68;34.15;26.8;1
0.0;24;27.84;20.32;0
0.05;89;6.89;35.07;2
0.04;54;13.77;72.02;1
0.01;29;5.29;51.52;0
0.01;82;22.29;42.71;2
0.0;34;10.69;15.81;0
0.05;13;1.23;72.33;1
0.01;23;-8.9;15.09;0
0.01;32;19.63;74.31;0
0.01;27;13.15;78.06;0
0.0;7;4.29;30.07;0
0.01;45;29.14;95.73;0
0.0;87;15.57;56.56;2
0.01;97;9.82;58.57;2
0.01;27;12.63;82.65;0
0.03;85;38.34;53.16;2
0.04;91;6.96;94.99;2
0.04;90;10.66;24.03;2
0.0;7;-3.31;93.41;0
0.02;91;5.62;34.91;2
0.03;88;29.39;22.19;2
0.03;57;29.27;13.81;1
0.03;42;18.87;68.53;0
0.01;100;34.6;83.8;2
0.0;49;24.36;79.03;0
0.01;8;-3.05;55.94;0
0.01;100;12.06;82.63;2
0.03;96;36.19;40.59;2
0.05;5;-8.65;19.46;1
0.01;35;-8.34;22.65;0
0.05;88;8.27;54.67;2
0.0;11;29.2;23.4;0
0.0;19;7.21;64.05;0
0.04;6;32.35;66.48;1
0.01;76;32.02;48.46;1
0.01;93;26.92;40.62;2
0.02;100;12.78;29.15;2
0.05;87;-6.26;58.0;2
0.05;73;19.59;58.34;1
0.05;19;0.3;39.19;1
0.03;97;34.08;89.48;2
0.01;49;-5.44;88.39;0
0.01;36;5.89;95.84;0
0.01;41;11.58;21.44;0
0.01;91;3.7;77.29;2
0.02;96;17.64;18.38;2
0.01;7;-8.91;42.77;0
0.04;82;5.38;72.49;2
0.05;30;39.34;50.48;1
0.04;61;-7.35;40.31;1
0.01;25;39.74;84.16;1
0.03;84;38.27;96.63;2
0.02;64;0.93;23.22;1
0.04;96;-7.26;21.9;2
0.01;53;17.65;72.44;1
0.02;99;-4.13;10.57;2
0.04;94;-0.08;69.42;2
0.05;63;13.95;98.06;1
0.01;49;25.62;97.68;0
0.02;51;29.2;63.66;1
0.01;22;-5.14;33.86;0
0.04;83;19.33;34.24;2
0.27;103;31.73;86.48;2
0.01;38;30.59;62.55;0
0.04;74;-3.88;40.03;1
0.0;70;37.93;16.89;1
0.04;89;3.37;63.39;2
0.0;41;16.89;48.22;0
0.03;91;3.73;12.51;2
0.02;83;28.71;51.31;2
0.01;24;12.45;75.59;0
0.01;47;22.45;62.51;0
0.03;50;14.66;42.08;1
0.03;46;39.84;74.06;1
0.04;74;11.17;84.23;1
0.01;20;19.37;75.61;0
0.01;11;6.75;48.28;0
0.03;35;-6.41;19.29;1
0.03;78;-3.42;97.56;1
0.03;89;33.11;37.55;2
0.01;5;-0.76;83.03;0
0.02;80;17.66;61.48;1
0.02;91;22.32;68.69;2
0.04;93;11.85;33.05;2
0.03;38;35.4;19.85;1
0.0;68;24.06;49.12;1
0.01;101;39.95;12.39;2
0.01;48;-0.24;76.77;0
0.03;87;2.21;20.71;2
0.05;16;7.5;10.24;1
0.04;100;-7.77;11.55;2
0.03;18;9.49;63.18;1
0.0;23;37.3;82.9;0
0.02;91;10.79;51.39;2
0.01;5;-2.17;34.8;0
0.02;84;16.66;28.56;2
0.02;97;30.24;93.06;2
0.01;28;12.32;63.97;1
0.01;49;-9.93;90.32;0
0.04;71;4.59;72.58;1
0.03;59;1.89;62.73;1
0.01;99;-0.37;99.51;2
0.03;68;15.75;69.72;1
0.05;90;30.3;65.5;2
0.04;59;10.3;38.65;1
0.01;5;6.96;10.64;0
0.05;99;9.22;34.58;2
0.01;83;8.05;24.24;2
0.05;93;15.58;81.47;2
0.01;84;11.66;92.14;2
0.04;50;19.76;82.59;1
0.02;89;16.17;17.63;2
0.0;16;25.08;74.61;0
0.02;8;-6.18;75.95;1
0.04;40;18.45;45.53;1
0.04;93;37.92;41.86;2
0.01;10;7.14;82.94;0
0.04;36;29.46;75.84;1
0.04;48;14.19;43.15;1
0.03;16;16.1;74.93;1
0.03;102;16.49;22.98;2
0.03;87;16.81;51.6;2
0.03;96;-4.44;24.84;2
0.01;96;-3.78;13.01;2
0.0;39;-6.91;30.81;0
0.04;75;25.93;51.99;1
0.0;87;3.67;98.05;2
0.01;28;22.41;11.54;0
0.01;8;0.23;34.96;1
0.01;13;-7.52;19.91;0
0.01;88;37.21;17.74;2
0.01;95;30.7;97.02;2
0.03;66;17.85;56.92;1
0.01;23;21.51;54.1;0
0.04;99;26.97;40.72;2
0.02;95;16.95;49.73;2
0.01;42;38.26;23.77;0
0.01;47;3.49;97.22;0
0.01;33;28.1;45.22;0
0.01;50;8.25;49.04;0
0.01;43;39.38;89.53;0
0.01;26;16.77;91.55;0
0.02;92;4.4;12.46;2
0.04;50;16.55;75.91;1
0.04;46;37.64;11.51;1
0.04;65;20.51;72.31;1
0.02;99;-4.43;10.59;2
0.03;15;11.19;36.89;1
0.05;98;24.24;49.38;2
0.05;29;13.54;51.34;1
0.01;74;32.49;62.85;1
0.05;87;36.33;98.17;2
0.02;32;10.54;21.83;1
0.01;40;31.32;38.89;0
0.04;48;38.8;83.51;1
0.22;105;33.21;83.05;2
0.01;9;22.17;29.38;0
0.07;24;20.44;61.96;0
0.03;44;0.49;33.31;1
0.01;43;8.55;78.76;0
0.03;96;-4.92;24.51;2
0.04;71;38.22;20.56;1
0.03;50;11.02;17.71;1
0.05;84;0.83;83.26;2
0.01;100;11.03;95.47;2
0.01;71;-0.42;80.48;1
0.01;69;7.94;41.95;1
0.03;7;-0.99;10.23;1
0.03;101;18.62;78.32;2
0.04;18;-3.33;82.31;1
0.04;35;2.0;89.25;1
0.01;8;18.82;61.29;0
0.01;15;31.28;74.76;0
0.05;34;11.68;19.56;1
0.01;10;22.46;67.78;0
0.01;6;1.88;38.8;0
0.03;13;-8.45;32.55;1
0.03;39;24.6;88.24;1
0.0;7;7.51;67.8;0
0.03;39;29.0;52.12;1
0.02;48;16.48;89.14;1
0.0;26;7.61;81.57;0
0.03;83;19.19;36.07;2
0.03;94;-5.89;95.16;2
0.04;39;13.08;32.65;1
0.04;65;13.75;28.22;1
0.01;17;28.24;66.21;1
0.02;91;10.39;82.15;2
0.01;63;9.93;36.15;1
0.04;69;-3.73;61.8;1
0.03;16;14.34;14.46;1
0.03;75;-1.78;38.48;1
0.02;30;0.99;15.84;1
0.03;92;-1.9;32.0;2
0.05;99;-1.5;78.09;2
0.02;31;6.31;78.75;1
0.01;20;-2.68;56.19;0
0.0;42;35.88;53.67;0
0.04;85;1.29;75.54;2
0.03;87;11.54;58.65;2
0.03;64;-0.08;82.59;1
0.02;85;14.31;45.24;2
0.03;90;-6.9;67.81;2
0.01;98;37.65;81.62;2
0.03;76;-7.64;63.46;1
0.02;75;27.33;89.83;1
0.04;33;26.49;85.65;1
0.01;101;38.94;15.39;2
0.0;28;19.12;58.59;0
0.01;44;0.63;29.1;0
0.04;34;37.89;70.78;1
0.0;98;38.26;48.15;2
0.03;85;9.67;56.32;2
0.05;93;26.71;24.69;2
0.03;20;-7.34;53.83;1
0.02;79;33.85;88.3;1
0.01;43;37.34;48.14;0
0.01;33;20.72;64.77;0
0.01;51;4.31;61.49;0
0.04;94;-2.17;75.84;2
0.01;21;5.32;50.64;0
0.01;44;21.85;80.63;1
0.04;85;26.81;74.44;2
0.03;13;12.14;99.0;1
0.01;8;13.21;15.29;0
0.0;33;0.16;81.0;0
0.01;16;-5.16;78.77;0
0.01;82;30.3;85.51;2
0.01;42;38.98;27.29;0
0.01;42;-8.23;28.11;0
0.04;88;31.44;60.32;2
0.01;95;21.03;89.52;2
0.01;37;-7.6;50.47;0
0.04;92;20.63;98.14;2
0.03;15;9.05;77.67;1
0.03;87;18.25;81.92;2
0.01;20;19.48;14.03;0
0.05;20;-6.59;74.85;1
0.04;95;11.44;51.68;2
0.02;51;16.03;18.46;1
0.05;88;36.1;85.69;2
0.04;41;9.42;51.23;1
0.01;50;-5.36;56.79;0
0.03;71;12.59;21.02;1
0.03;86;-2.06;64.36;2
0.01;32;0.6;35.1;0
0.01;101;14.75;88.54;2
0.01;94;38.45;68.38;2
0.01;99;13.37;94.8;2
0.01;30;32.25;66.72;0
0.04;63;37.46;71.5;1
0.01;9;14.71;54.47;0
0.25;110;31.45;82.31;2
0.03;89;4.43;29.33;2
0.02;64;18.63;90.28;1
0.02;99;17.13;93.64;2
0.04;99;33.16;76.03;2
0.03;75;14.38;58.24;1
0.01;18;37.25;22.55;0
0.04;95;33.67;62.82;2
0.0;35;33.97;30.67;0
0.03;10;32.74;18.98;1
0.01;24;34.64;87.49;0
0.05;92;4.68;64.01;2
0.03;16;5.22;86.25;1
0.02;45;36.47;83.85;1
0.03;99;-6.61;78.74;2
0.03;23;33.1;69.24;1
0.03;83;-2.02;43.73;2
0.03;80;18.07;26.81;1
0.04;19;37.03;12.29;1
0.03;22;22.69;53.25;1
0.02;102;10.73;32.69;2
0.1;30;19.36;66.29;0
0.03;14;9.18;39.25;1
0.05;34;-6.51;65.42;1
0.02;82;30.25;32.13;2
0.01;32;16.2;39.45;0
0.0;11;5.35;46.53;0
0.03;96;1.75;69.13;2
0.01;5;34.4;84.2;0
0.26;113;32.71;83.11;2
0.01;28;0.08;89.79;0
0.01;6;28.14;78.76;0
0.01;27;-5.19;51.98;0
0.01;42;25.76;13.79;0
0.29;103;31.14;83.37;2
0.01;83;-8.57;19.1;2
0.01;28;35.84;81.24;0
0.04;54;35.56;65.45;1
0.01;24;1.24;21.05;0
0.01;36;2.53;22.38;0
0.03;91;3.44;15.01;2
0.01;24;26.93;17.18;0
0.03;56;35.24;87.17;1
0.01;28;0.2;99.54;0
0.01;16;29.62;38.99;0
0.04;27;17.99;79.34;1
0.04;88;-5.7;76.17;2
0.04;94;37.13;69.87;2
0.01;36;8.34;41.49;0
0.01;51;32.78;16.43;1
0.02;57;32.15;54.57;1
0.02;90;24.28;92.27;2
0.01;14;34.75;80.65;0
0.04;92;36.25;53.85;2
0.01;47;36.77;52.06;1
0.05;22;7.52;84.64;1
0.02;86;26.04;81.06;2
0.03;97;17.71;46.14;2
0.06;38;21.23;67.4;0
0.01;45;7.81;89.59;0
0.02;101;8.27;67.29;2
0.05;69;35.98;51.28;1
0.02;94;27.67;94.62;2
0.03;60;2.51;85.59;1
0.01;76;-2.55;70.12;1
0.04;42;-7.8;74.32;1
0.05;101;17.97;93.59;2
0.03;91;25.69;12.57;2
0.04;94;3.35;95.45;2
0.03;33;4.06;97.71;1
0.01;7;30.44;52.44;0
0.04;5;16.71;86.93;1
0.02;92;39.44;69.24;2
0.0;40;23.93;81.62;0
0.02;92;-7.85;16.65;2
0.02;11;-7.22;97.26;1
0.03;90;-5.23;15.58;2
0.03;88;7.16;53.45;2
0.02;50;-1.95;67.05;1
0.0;6;5.76;56.59;0
0.01;99;33.06;56.89;2
0.02;7;12.42;32.76;1
0.04;98;18.62;56.85;2
0.02;65;35.42;56.83;1
0.04;78;2.68;95.8;1
0.01;23;10.77;64.83;0
0.02;92;20.45;73.9;2
0.01;90;-3.06;35.86;2
0.03;99;11.62;34.21;2
0.01;44;-4.97;31.82;0
0.03;41;15.82;81.05;1
0.0;11;16.7;13.93;0
0.04;95;-9.31;90.25;2
0.01;52;37.01;66.8;1
0.02;85;-3.56;83.82;2
0.01;24;-8.47;26.08;0
0.01;25;9.5;59.9;0
0.03;88;11.9;17.21;2
0.01;36;0.61;79.58;0
0.05;100;12.7;92.65;2
0.1;33;19.54;67.64;0
0.01;14;9.03;65.09;0
0.04;66;-5.67;32.02;1
0.04;92;18.14;23.26;2
0.0;19;31.33;85.13;0
0.03;53;10.18;97.62;1
0.21;115;33.22;85.56;2
0.02;89;30.41;46.13;2
0.04;26;34.54;41.71;1
0.27;113;33.64;85.46;2
0.01;43;38.58;82.39;0
0.02;41;-1.52;85.44;1
0.01;23;31.33;89.17;0
0.03;93;29.97;56.55;2
0.22;104;32.31;82.19;2
0.01;67;32.95;90.03;1
0.03;75;27.67;63.67;1
0.01;25;21.92;53.86;0
0.01;56;23.79;81.68;1
0.01;38;14.38;85.99;0
0.02;47;11.52;52.64;1
0.03;59;5.45;90.83;1
0.03;89;18.65;82.03;2
0.01;71;-0.43;47.85;1
0.05;44;4.56;85.24;1
0.03;49;15.84;81.13;1
0.0;38;38.13;17.71;0
0.02;88;19.77;94.12;2
